cow_id,date,days_in_lactation,body_temp_c,activity_index,rumination_min,milk_yield_l,ambient_temp_c,humidity_pct,thi,health_status,alert_flag
COW_01,2025-06-01,26,38.46,59.4,421.2,31.42,19.3,71.2,18.6,Healthy,0
COW_02,2025-06-01,194,38.62,52.7,518.0,29.84,21.5,63.4,20.1,Healthy,0
COW_03,2025-06-01,51,38.52,42.3,499.8,31.17,16.5,50.1,15.9,Healthy,0
COW_04,2025-06-01,48,38.61,65.7,513.6,24.74,17.6,55.8,16.8,Healthy,0
COW_05,2025-06-01,109,38.38,42.8,514.7,16.98,17.4,78.6,17.1,Healthy,0
COW_06,2025-06-01,188,38.43,56.6,462.9,21.82,17.4,70.3,16.9,Healthy,0
COW_07,2025-06-01,213,38.72,62.9,531.9,33.48,15.8,65.7,15.5,Healthy,0
COW_08,2025-06-01,176,38.47,49.0,528.1,35.82,18.1,76.3,17.7,Healthy,0
COW_09,2025-06-01,180,38.7,51.0,504.0,35.56,14.2,48.0,14.3,Healthy,0
COW_10,2025-06-01,241,38.61,59.4,474.1,28.83,19.2,52.1,17.9,Healthy,0
COW_11,2025-06-01,139,38.83,49.4,461.4,30.38,16.4,67.1,16.1,Healthy,0
COW_12,2025-06-01,40,38.56,51.9,448.5,20.87,19.3,64.2,18.4,Healthy,0
COW_13,2025-06-01,129,38.44,56.1,416.1,29.58,18.5,67.9,17.8,Healthy,0
COW_14,2025-06-01,110,38.47,52.3,484.2,35.01,15.4,40.1,15.1,Healthy,0
COW_15,2025-06-01,178,38.76,51.1,528.1,27.3,14.8,64.6,14.8,Healthy,0
COW_16,2025-06-01,73,38.68,62.4,463.1,31.82,15.9,68.6,15.6,Healthy,0
COW_17,2025-06-01,49,38.58,64.5,516.9,27.35,19.2,78.6,18.7,Healthy,0
COW_18,2025-06-01,32,38.63,66.7,475.3,30.6,16.3,65.1,15.9,Healthy,0
COW_19,2025-06-01,56,38.59,61.0,488.6,36.21,16.4,76.4,16.1,Healthy,0
COW_20,2025-06-01,227,38.79,44.4,446.5,37.16,17.0,55.3,16.4,Healthy,0
COW_21,2025-06-01,87,38.47,60.0,476.0,22.22,17.3,74.9,16.9,Healthy,0
COW_22,2025-06-01,206,38.38,42.2,509.4,21.14,20.2,70.2,19.3,Healthy,0
COW_23,2025-06-01,20,38.53,60.5,558.8,34.22,18.1,54.6,17.2,Healthy,0
COW_24,2025-06-01,150,38.87,65.2,460.3,24.6,16.3,68.1,16.0,Healthy,0
COW_25,2025-06-01,207,38.57,52.9,473.3,22.88,16.3,66.6,16.0,Healthy,0
COW_26,2025-06-01,87,38.81,53.2,488.9,20.6,16.0,65.1,15.8,Healthy,0
COW_27,2025-06-01,25,38.49,62.7,550.8,33.5,17.4,44.0,16.5,Healthy,0
COW_28,2025-06-01,181,38.86,42.5,496.4,21.08,19.1,62.2,18.2,Healthy,0
COW_29,2025-06-01,91,38.77,59.8,477.0,25.88,16.3,58.5,15.9,Healthy,0
COW_30,2025-06-01,174,38.98,46.8,478.4,29.55,16.8,61.4,16.3,Healthy,0
COW_01,2025-06-02,27,38.45,66.6,428.5,31.41,19.1,57.3,18.0,Healthy,0
COW_02,2025-06-02,195,38.29,56.4,498.5,29.17,20.5,52.2,18.9,Healthy,0
COW_03,2025-06-02,52,38.69,58.2,511.7,30.17,18.0,57.9,17.2,Healthy,0
COW_04,2025-06-02,49,38.67,59.7,502.2,24.21,18.0,67.8,17.4,Healthy,0
COW_05,2025-06-02,110,38.44,46.4,485.0,19.66,19.7,58.5,18.5,Healthy,0
COW_06,2025-06-02,189,38.5,68.0,457.9,24.5,19.2,59.5,18.2,Healthy,0
COW_07,2025-06-02,214,38.64,63.3,521.4,32.81,18.9,66.2,18.1,Healthy,0
COW_08,2025-06-02,177,38.51,50.4,508.7,37.57,19.2,70.7,18.5,Healthy,0
COW_09,2025-06-02,181,38.48,59.5,494.4,36.28,21.4,54.8,19.7,Healthy,0
COW_10,2025-06-02,242,38.49,61.0,495.8,28.49,18.9,69.7,18.2,Healthy,0
COW_11,2025-06-02,140,38.77,48.8,498.8,33.08,19.6,64.3,18.6,Healthy,0
COW_12,2025-06-02,41,38.62,52.0,459.7,21.35,19.8,70.7,19.0,Healthy,0
COW_13,2025-06-02,130,38.66,62.7,440.6,25.59,17.5,57.0,16.8,Healthy,0
COW_14,2025-06-02,111,38.68,51.7,471.6,32.82,19.0,71.8,18.3,Healthy,0
COW_15,2025-06-02,179,38.7,62.4,523.3,26.88,17.5,49.9,16.7,Healthy,0
COW_16,2025-06-02,74,38.63,65.3,449.8,30.98,19.4,64.7,18.5,Healthy,0
COW_17,2025-06-02,50,38.75,60.5,503.9,27.38,19.4,78.4,18.8,Healthy,0
COW_18,2025-06-02,33,38.41,64.6,463.5,29.92,18.0,59.8,17.3,Healthy,0
COW_19,2025-06-02,57,38.63,52.0,495.8,37.18,18.1,60.7,17.4,Healthy,0
COW_20,2025-06-02,228,38.84,44.0,459.1,36.1,19.6,73.7,18.8,Healthy,0
COW_21,2025-06-02,88,38.6,57.0,477.8,23.52,20.5,70.2,19.6,Healthy,0
COW_22,2025-06-02,207,38.48,42.4,483.2,20.04,17.1,77.1,16.7,Healthy,0
COW_23,2025-06-02,21,38.51,53.4,490.4,33.16,21.2,75.0,20.3,Healthy,0
COW_24,2025-06-02,151,38.85,64.3,429.0,25.07,19.6,69.8,18.8,Healthy,0
COW_25,2025-06-02,208,38.6,45.4,485.1,19.22,18.3,55.7,17.4,Healthy,0
COW_26,2025-06-02,88,38.65,47.3,476.1,26.01,21.8,56.5,20.0,Healthy,0
COW_27,2025-06-02,26,38.54,58.9,580.1,33.72,16.6,62.9,16.2,Healthy,0
COW_28,2025-06-02,182,38.79,47.2,489.8,17.46,19.5,62.9,18.5,Healthy,0
COW_29,2025-06-02,92,38.77,62.3,487.2,24.42,17.6,62.1,17.0,Healthy,0
COW_30,2025-06-02,175,39.07,64.5,476.9,28.81,16.6,70.6,16.3,Healthy,0
COW_01,2025-06-03,28,38.53,60.8,418.7,31.68,20.9,63.8,19.6,Healthy,0
COW_02,2025-06-03,196,38.36,40.4,493.4,29.67,19.8,67.2,18.9,Healthy,0
COW_03,2025-06-03,53,38.68,52.0,469.5,32.46,21.7,74.1,20.7,Healthy,0
COW_04,2025-06-03,50,38.59,61.4,501.1,21.39,18.7,63.5,17.9,Healthy,0
COW_05,2025-06-03,111,38.48,36.7,488.2,19.43,18.1,64.8,17.4,Healthy,0
COW_06,2025-06-03,190,38.54,72.0,468.3,21.4,20.0,56.3,18.7,Healthy,0
COW_07,2025-06-03,215,38.78,73.8,537.5,35.19,17.4,54.7,16.7,Healthy,0
COW_08,2025-06-03,178,38.32,43.2,539.7,34.76,16.2,73.3,15.9,Healthy,0
COW_09,2025-06-03,182,38.58,58.3,481.6,36.04,16.6,76.3,16.4,Healthy,0
COW_10,2025-06-03,243,38.53,56.8,480.2,27.16,19.0,49.9,17.8,Healthy,0
COW_11,2025-06-03,141,38.7,40.0,478.6,29.87,18.0,63.7,17.3,Healthy,0
COW_12,2025-06-03,42,38.64,54.3,454.8,22.38,18.1,60.0,17.3,Healthy,0
COW_13,2025-06-03,131,38.59,57.8,408.2,27.44,16.8,64.6,16.4,Healthy,0
COW_14,2025-06-03,112,38.56,50.1,454.9,34.95,19.0,72.8,18.3,Healthy,0
COW_15,2025-06-03,180,38.73,59.4,554.1,29.32,18.9,61.5,18.0,Healthy,0
COW_16,2025-06-03,75,38.63,68.2,433.1,30.72,15.7,69.5,15.5,Healthy,0
COW_17,2025-06-03,51,38.59,56.9,504.2,27.21,18.8,66.1,18.0,Healthy,0
COW_18,2025-06-03,34,38.53,63.8,478.4,30.9,18.9,63.4,18.0,Healthy,0
COW_19,2025-06-03,58,38.53,57.2,492.1,35.74,17.0,65.6,16.6,Healthy,0
COW_20,2025-06-03,229,38.86,37.1,464.4,36.75,16.9,57.9,16.3,Healthy,0
COW_21,2025-06-03,89,38.68,59.6,463.7,21.51,18.7,59.2,17.8,Healthy,0
COW_22,2025-06-03,208,38.49,49.2,478.6,21.43,19.9,60.2,18.7,Healthy,0
COW_23,2025-06-03,22,38.55,48.4,518.5,33.11,16.5,70.7,16.1,Healthy,0
COW_24,2025-06-03,152,38.82,57.7,449.3,26.29,19.7,60.9,18.5,Healthy,0
COW_25,2025-06-03,209,38.68,48.5,450.1,21.93,18.4,53.0,17.4,Healthy,0
COW_26,2025-06-03,89,38.86,44.0,492.4,26.26,18.3,62.7,17.6,Healthy,0
COW_27,2025-06-03,27,38.32,53.7,570.6,33.34,20.4,49.3,18.8,Healthy,0
COW_28,2025-06-03,183,38.71,48.4,490.6,19.7,20.2,63.4,19.1,Healthy,0
COW_29,2025-06-03,93,38.87,56.3,461.8,24.34,19.8,63.7,18.7,Healthy,0
COW_30,2025-06-03,176,38.86,49.2,488.7,30.17,20.5,64.4,19.3,Healthy,0
COW_01,2025-06-04,29,38.4,59.2,429.5,33.25,20.2,68.4,19.2,Healthy,0
COW_02,2025-06-04,197,38.35,36.9,506.1,28.3,20.3,70.6,19.3,Healthy,0
COW_03,2025-06-04,54,38.59,57.8,494.3,30.05,21.4,70.1,20.3,Healthy,0
COW_04,2025-06-04,51,38.66,68.0,499.5,22.15,16.4,57.8,16.0,Healthy,0
COW_05,2025-06-04,112,38.33,38.2,478.0,17.51,20.0,55.8,18.7,Healthy,0
COW_06,2025-06-04,191,38.7,71.9,466.7,23.73,19.3,70.4,18.5,Healthy,0
COW_07,2025-06-04,216,38.88,58.2,517.7,34.4,19.4,57.8,18.3,Healthy,0
COW_08,2025-06-04,179,38.42,54.3,519.9,34.64,21.3,57.8,19.7,Healthy,0
COW_09,2025-06-04,183,38.51,67.0,492.2,37.54,19.5,64.8,18.5,Healthy,0
COW_10,2025-06-04,244,38.48,60.5,479.9,26.76,20.3,56.4,18.9,Healthy,0
COW_11,2025-06-04,142,38.79,40.5,458.6,29.72,18.5,58.8,17.6,Healthy,0
COW_12,2025-06-04,43,38.6,56.8,438.8,20.67,19.4,47.3,18.0,Healthy,0
COW_13,2025-06-04,132,38.35,59.6,434.7,30.58,20.8,61.6,19.5,Healthy,0
COW_14,2025-06-04,113,38.56,45.6,484.1,33.23,18.7,64.5,17.9,Healthy,0
COW_15,2025-06-04,181,38.75,64.6,517.8,31.41,21.7,51.1,19.7,Healthy,0
COW_16,2025-06-04,76,38.49,67.1,455.9,32.96,17.8,64.5,17.1,Healthy,0
COW_17,2025-06-04,52,38.72,53.4,504.3,26.4,20.6,75.9,19.8,Healthy,0
COW_18,2025-06-04,35,38.56,59.4,480.0,33.86,19.4,64.0,18.4,Healthy,0
COW_19,2025-06-04,59,38.57,53.9,500.5,37.54,20.6,69.4,19.6,Healthy,0
COW_20,2025-06-04,230,38.82,41.3,451.8,37.11,17.2,52.4,16.5,Healthy,0
COW_21,2025-06-04,90,38.5,47.2,464.2,22.44,19.5,58.7,18.3,Healthy,0
COW_22,2025-06-04,209,38.64,33.6,491.7,17.76,19.2,71.8,18.5,Healthy,0
COW_23,2025-06-04,23,38.67,42.3,486.1,33.01,20.7,60.9,19.3,Healthy,0
COW_24,2025-06-04,153,38.93,71.0,452.2,23.0,19.9,81.4,19.3,Healthy,0
COW_25,2025-06-04,210,38.59,44.3,459.3,20.87,20.8,75.4,19.9,Healthy,0
COW_26,2025-06-04,90,38.74,54.5,448.1,22.89,19.5,59.7,18.4,Healthy,0
COW_27,2025-06-04,28,38.51,57.4,575.4,34.72,20.5,77.3,19.8,Healthy,0
COW_28,2025-06-04,184,38.52,50.0,475.7,17.78,18.0,67.3,17.4,Healthy,0
COW_29,2025-06-04,94,38.73,57.7,485.2,24.95,18.3,75.0,17.8,Healthy,0
COW_30,2025-06-04,177,38.85,69.0,487.3,30.59,18.8,70.5,18.1,Healthy,0
COW_01,2025-06-05,30,38.66,59.0,413.8,31.48,21.0,74.0,20.1,Healthy,0
COW_02,2025-06-05,198,38.5,52.2,508.8,29.81,19.0,63.6,18.1,Healthy,0
COW_03,2025-06-05,55,38.76,56.7,489.9,26.72,20.2,60.6,19.0,Healthy,0
COW_04,2025-06-05,52,38.66,55.7,521.7,22.27,22.0,65.5,20.6,Healthy,0
COW_05,2025-06-05,113,38.47,37.7,474.8,18.22,22.1,67.6,20.7,Healthy,0
COW_06,2025-06-05,192,38.52,68.0,475.5,22.65,19.2,55.4,18.0,Healthy,0
COW_07,2025-06-05,217,38.69,69.0,521.3,32.37,21.5,68.9,20.3,Healthy,0
COW_08,2025-06-05,180,38.38,46.3,533.6,32.34,17.6,71.6,17.1,Healthy,0
COW_09,2025-06-05,184,38.52,57.4,497.4,34.82,19.9,60.1,18.7,Healthy,0
COW_10,2025-06-05,245,38.36,58.4,495.6,29.66,21.3,53.3,19.5,Healthy,0
COW_11,2025-06-05,143,38.95,45.5,456.7,31.95,19.9,62.8,18.8,Healthy,0
COW_12,2025-06-05,44,38.56,54.0,448.7,22.91,18.3,58.4,17.4,Healthy,0
COW_13,2025-06-05,133,38.6,50.0,414.6,28.22,16.8,64.7,16.4,Healthy,0
COW_14,2025-06-05,114,38.61,50.3,454.2,34.08,20.3,46.1,18.6,Healthy,0
COW_15,2025-06-05,182,38.78,51.0,519.4,28.14,24.6,56.4,22.2,Healthy,0
COW_16,2025-06-05,77,38.78,75.0,465.2,32.57,18.6,70.7,17.9,Healthy,0
COW_17,2025-06-05,53,38.71,55.6,512.1,27.47,20.9,67.5,19.7,Healthy,0
COW_18,2025-06-05,36,38.6,77.7,486.6,25.97,20.9,85.6,20.4,Healthy,0
COW_19,2025-06-05,60,38.57,52.7,481.8,35.53,20.1,58.7,18.8,Healthy,0
COW_20,2025-06-05,231,38.86,41.5,441.4,35.14,19.5,61.9,18.4,Healthy,0
COW_21,2025-06-05,91,38.62,54.4,500.8,22.59,21.1,66.6,19.9,Healthy,0
COW_22,2025-06-05,210,38.65,37.3,467.6,20.43,20.4,48.7,18.7,Healthy,0
COW_23,2025-06-05,24,38.49,58.1,491.4,33.99,18.4,54.2,17.4,Healthy,0
COW_24,2025-06-05,154,38.77,63.7,445.7,25.6,20.4,74.1,19.5,Healthy,0
COW_25,2025-06-05,211,38.64,53.5,438.4,22.32,22.3,74.9,21.2,Healthy,0
COW_26,2025-06-05,91,38.92,54.8,475.8,26.69,17.9,75.3,17.5,Healthy,0
COW_27,2025-06-05,29,38.49,66.5,545.4,32.09,21.2,53.0,19.5,Healthy,0
COW_28,2025-06-05,185,38.66,36.5,482.1,21.52,19.4,63.7,18.4,Healthy,0
COW_29,2025-06-05,95,38.8,62.3,474.3,26.4,19.6,71.7,18.8,Healthy,0
COW_30,2025-06-05,178,38.74,56.7,469.1,28.6,22.0,60.1,20.3,Healthy,0
COW_01,2025-06-06,31,38.43,56.8,409.1,33.68,21.7,69.3,20.5,Healthy,0
COW_02,2025-06-06,199,38.51,52.5,499.4,29.79,20.2,64.1,19.1,Healthy,0
COW_03,2025-06-06,56,38.55,61.9,510.7,31.43,21.0,75.8,20.1,Healthy,0
COW_04,2025-06-06,53,38.69,58.7,501.1,25.09,17.1,49.0,16.4,Healthy,0
COW_05,2025-06-06,114,38.37,46.1,451.7,19.1,23.6,66.1,21.9,Healthy,0
COW_06,2025-06-06,193,38.45,57.7,473.3,26.21,22.7,52.0,20.6,Healthy,0
COW_07,2025-06-06,218,38.66,54.9,522.2,34.38,22.3,56.7,20.5,Healthy,0
COW_08,2025-06-06,181,38.42,45.3,493.3,33.31,20.6,72.4,19.7,Healthy,0
COW_09,2025-06-06,185,38.81,56.4,515.9,35.71,21.0,54.4,19.4,Healthy,0
COW_10,2025-06-06,246,38.5,61.5,486.8,27.94,19.2,65.5,18.3,Healthy,0
COW_11,2025-06-06,144,38.94,50.0,457.2,31.18,19.4,58.1,18.3,Healthy,0
COW_12,2025-06-06,45,38.32,52.3,445.2,20.02,22.2,71.9,21.1,Healthy,0
COW_13,2025-06-06,134,38.42,57.5,412.9,28.36,20.6,76.2,19.8,Healthy,0
COW_14,2025-06-06,115,38.79,51.5,463.2,32.07,19.9,59.6,18.7,Healthy,0
COW_15,2025-06-06,183,38.87,57.4,520.6,28.4,19.0,65.9,18.2,Healthy,0
COW_16,2025-06-06,78,38.6,69.2,440.9,31.8,20.8,67.0,19.7,Healthy,0
COW_17,2025-06-06,54,38.55,55.3,510.3,27.26,20.2,78.7,19.6,Healthy,0
COW_18,2025-06-06,37,38.59,63.7,476.2,27.28,22.4,57.4,20.6,Healthy,0
COW_19,2025-06-06,61,38.6,50.7,472.6,37.65,19.9,58.3,18.6,Healthy,0
COW_20,2025-06-06,232,38.91,39.0,485.4,36.78,19.4,65.8,18.5,Healthy,0
COW_21,2025-06-06,92,38.47,56.2,465.9,22.67,19.5,68.1,18.6,Healthy,0
COW_22,2025-06-06,211,38.58,45.4,480.9,22.25,20.9,60.7,19.5,Healthy,0
COW_23,2025-06-06,25,38.65,55.7,512.3,32.38,19.4,75.9,18.7,Healthy,0
COW_24,2025-06-06,155,38.91,69.9,447.3,24.93,19.6,50.5,18.2,Healthy,0
COW_25,2025-06-06,212,38.58,48.3,466.9,24.63,18.5,55.8,17.5,Healthy,0
COW_26,2025-06-06,92,38.85,46.3,490.9,23.5,20.9,57.6,19.4,Healthy,0
COW_27,2025-06-06,30,38.59,60.3,577.1,33.63,20.7,69.1,19.6,Healthy,0
COW_28,2025-06-06,186,38.77,51.2,503.2,15.61,23.2,70.1,21.8,Healthy,0
COW_29,2025-06-06,96,38.91,64.4,450.5,28.41,20.1,59.0,18.8,Healthy,0
COW_30,2025-06-06,179,38.96,66.6,486.8,31.0,21.4,65.9,20.1,Healthy,0
COW_01,2025-06-07,32,38.38,62.2,423.2,33.03,22.4,66.8,21.0,Healthy,0
COW_02,2025-06-07,200,38.57,38.5,485.9,26.79,17.6,59.6,16.9,Healthy,0
COW_03,2025-06-07,57,38.68,54.5,468.3,29.99,21.2,54.6,19.5,Healthy,0
COW_04,2025-06-07,54,38.64,59.2,511.4,23.22,20.5,73.2,19.6,Healthy,0
COW_05,2025-06-07,115,38.4,46.3,496.7,16.17,18.6,66.7,17.8,Healthy,0
COW_06,2025-06-07,194,38.63,73.9,455.5,23.65,18.1,67.1,17.4,Healthy,0
COW_07,2025-06-07,219,38.71,66.2,497.6,36.01,19.3,67.7,18.5,Healthy,0
COW_08,2025-06-07,182,38.4,55.6,510.9,33.31,23.4,66.7,21.8,Healthy,0
COW_09,2025-06-07,186,38.54,57.9,516.5,36.33,23.2,70.1,21.7,Healthy,0
COW_10,2025-06-07,247,38.57,64.3,472.1,26.61,17.0,60.0,16.5,Healthy,0
COW_11,2025-06-07,145,38.97,48.8,466.2,31.48,21.2,70.6,20.1,Healthy,0
COW_12,2025-06-07,46,38.59,52.9,466.5,20.75,19.9,51.3,18.4,Healthy,0
COW_13,2025-06-07,135,38.52,53.1,425.4,25.71,21.7,69.7,20.5,Healthy,0
COW_14,2025-06-07,116,38.75,49.3,465.9,33.16,20.4,63.0,19.2,Healthy,0
COW_15,2025-06-07,184,38.9,56.0,529.2,30.35,22.5,65.6,21.0,Healthy,0
COW_16,2025-06-07,79,38.66,63.5,430.2,34.5,24.8,68.6,23.0,Healthy,0
COW_17,2025-06-07,55,38.82,48.6,484.6,26.26,20.9,72.2,20.0,Healthy,0
COW_18,2025-06-07,38,38.53,65.2,463.8,31.43,21.2,60.5,19.8,Healthy,0
COW_19,2025-06-07,62,38.48,57.6,518.1,35.81,20.8,73.6,19.9,Healthy,0
COW_20,2025-06-07,233,38.91,48.4,454.2,37.2,21.2,76.9,20.3,Healthy,0
COW_21,2025-06-07,93,38.47,56.7,493.0,24.19,19.9,65.1,18.9,Healthy,0
COW_22,2025-06-07,212,38.39,44.5,470.8,20.6,21.8,76.3,20.9,Healthy,0
COW_23,2025-06-07,26,38.42,60.7,518.2,34.47,20.1,58.5,18.8,Healthy,0
COW_24,2025-06-07,156,38.93,73.8,456.0,26.48,20.5,63.0,19.3,Healthy,0
COW_25,2025-06-07,213,38.63,52.1,457.1,24.03,21.8,61.9,20.3,Healthy,0
COW_26,2025-06-07,93,38.81,45.0,478.8,22.32,19.4,61.6,18.3,Healthy,0
COW_27,2025-06-07,31,38.46,56.3,568.2,33.67,20.5,64.3,19.3,Healthy,0
COW_28,2025-06-07,187,38.91,43.3,461.4,19.78,20.7,70.2,19.7,Healthy,0
COW_29,2025-06-07,97,38.78,63.1,476.4,26.07,22.3,66.1,20.9,Healthy,0
COW_30,2025-06-07,180,38.96,68.2,477.7,28.07,19.6,73.0,18.8,Healthy,0
COW_01,2025-06-08,33,38.51,61.3,425.8,33.65,19.4,62.4,18.4,Healthy,0
COW_02,2025-06-08,201,38.56,47.0,508.3,30.65,23.6,64.4,21.8,Healthy,0
COW_03,2025-06-08,58,38.68,53.1,511.7,30.73,21.6,67.0,20.3,Healthy,0
COW_04,2025-06-08,55,38.79,60.1,515.5,22.92,20.7,70.6,19.7,Healthy,0
COW_05,2025-06-08,116,38.32,50.1,478.6,16.26,19.7,43.0,18.1,Healthy,0
COW_06,2025-06-08,195,38.45,67.8,439.0,24.31,23.1,58.7,21.2,Healthy,0
COW_07,2025-06-08,220,38.74,68.3,541.6,30.89,20.4,66.1,19.3,Healthy,0
COW_08,2025-06-08,183,38.42,46.5,541.5,36.53,20.4,64.7,19.2,Healthy,0
COW_09,2025-06-08,187,38.74,56.5,528.5,35.27,20.4,55.3,19.0,Healthy,0
COW_10,2025-06-08,248,38.47,55.1,486.6,27.05,18.2,66.7,17.5,Healthy,0
COW_11,2025-06-08,146,38.99,51.2,457.9,33.13,21.9,70.1,20.7,Healthy,0
COW_12,2025-06-08,47,38.53,58.5,485.3,20.88,20.4,55.5,19.0,Healthy,0
COW_13,2025-06-08,136,38.77,53.8,425.1,26.86,21.9,68.1,20.6,Healthy,0
COW_14,2025-06-08,117,38.73,42.8,434.8,31.22,20.0,58.5,18.7,Healthy,0
COW_15,2025-06-08,185,38.73,51.3,517.3,28.61,20.9,57.5,19.4,Healthy,0
COW_16,2025-06-08,80,38.48,62.5,458.0,34.07,19.8,64.0,18.7,Healthy,0
COW_17,2025-06-08,56,38.6,55.5,511.4,26.66,21.2,64.8,19.9,Healthy,0
COW_18,2025-06-08,39,38.41,60.2,453.2,29.37,23.1,60.5,21.2,Healthy,0
COW_19,2025-06-08,63,38.41,65.3,534.1,32.36,21.4,59.2,19.9,Healthy,0
COW_20,2025-06-08,234,39.02,43.3,459.3,36.81,21.3,78.4,20.5,Healthy,0
COW_21,2025-06-08,94,38.63,64.3,462.2,21.46,25.8,62.8,23.5,Healthy,0
COW_22,2025-06-08,213,38.58,46.6,463.5,21.83,21.5,74.8,20.5,Healthy,0
COW_23,2025-06-08,27,38.55,48.0,484.0,34.15,22.6,56.6,20.6,Healthy,0
COW_24,2025-06-08,157,39.0,73.6,471.4,26.66,21.6,66.7,20.3,Healthy,0
COW_25,2025-06-08,214,38.42,64.5,474.5,23.83,22.9,60.8,21.1,Healthy,0
COW_26,2025-06-08,94,38.88,49.4,526.6,20.24,22.3,65.1,20.8,Healthy,0
COW_27,2025-06-08,32,38.69,57.6,554.0,31.15,21.5,70.3,20.4,Healthy,0
COW_28,2025-06-08,188,38.77,46.7,484.3,20.55,21.2,62.3,19.8,Healthy,0
COW_29,2025-06-08,98,38.74,55.4,474.4,26.33,19.5,71.8,18.7,Healthy,0
COW_30,2025-06-08,181,39.0,56.3,455.2,28.5,22.4,64.5,20.9,Healthy,0
COW_01,2025-06-09,34,38.4,57.8,417.3,34.95,20.8,72.7,19.8,Healthy,0
COW_02,2025-06-09,202,38.62,48.9,492.8,28.12,19.8,57.9,18.6,Healthy,0
COW_03,2025-06-09,59,38.69,52.5,468.5,29.16,20.9,55.0,19.4,Healthy,0
COW_04,2025-06-09,56,38.7,59.2,523.1,18.84,19.9,55.5,18.6,Healthy,0
COW_05,2025-06-09,117,38.37,42.6,476.9,20.78,23.9,63.6,22.0,Healthy,0
COW_06,2025-06-09,196,38.45,56.0,458.4,22.62,19.7,68.6,18.8,Healthy,0
COW_07,2025-06-09,221,38.7,65.2,545.2,35.37,21.7,50.2,19.8,Healthy,0
COW_08,2025-06-09,184,38.49,42.4,520.3,34.34,23.8,74.7,22.5,Healthy,0
COW_09,2025-06-09,188,38.81,60.9,487.7,37.87,23.1,80.7,22.2,Healthy,0
COW_10,2025-06-09,249,38.43,62.6,464.9,27.17,21.6,67.4,20.4,Healthy,0
COW_11,2025-06-09,147,38.92,47.9,448.4,32.11,26.3,62.0,23.9,Healthy,0
COW_12,2025-06-09,48,38.63,45.9,459.4,22.01,22.7,63.2,21.1,Healthy,0
COW_13,2025-06-09,137,38.51,62.4,419.8,29.2,22.9,64.9,21.3,Healthy,0
COW_14,2025-06-09,118,38.44,48.5,424.3,32.61,23.9,68.2,22.2,Healthy,0
COW_15,2025-06-09,186,38.73,46.1,517.1,26.03,20.6,61.8,19.3,Healthy,0
COW_16,2025-06-09,81,38.63,70.7,445.2,29.71,23.0,74.0,21.8,Healthy,0
COW_17,2025-06-09,57,38.39,48.8,486.7,28.85,22.4,69.9,21.1,Healthy,0
COW_18,2025-06-09,40,38.68,65.9,468.4,27.59,23.6,81.8,22.6,Healthy,0
COW_19,2025-06-09,64,38.56,53.4,509.7,36.25,20.7,63.6,19.5,Healthy,0
COW_20,2025-06-09,235,38.9,40.3,456.3,34.23,22.9,58.4,21.0,Healthy,0
COW_21,2025-06-09,95,38.42,53.7,442.9,23.19,23.3,57.7,21.2,Healthy,0
COW_22,2025-06-09,214,38.53,42.6,501.0,21.33,20.4,85.4,19.9,Healthy,0
COW_23,2025-06-09,28,38.64,56.7,521.1,34.03,23.7,68.8,22.1,Healthy,0
COW_24,2025-06-09,158,38.83,56.3,432.2,25.53,21.6,53.2,19.8,Healthy,0
COW_25,2025-06-09,215,38.48,61.5,496.8,18.92,22.9,64.0,21.2,Healthy,0
COW_26,2025-06-09,95,38.92,52.4,494.5,23.81,21.0,69.9,19.9,Healthy,0
COW_27,2025-06-09,33,38.61,60.3,575.4,34.81,23.7,72.9,22.4,Healthy,0
COW_28,2025-06-09,189,38.77,53.5,504.1,19.52,18.9,63.8,18.0,Healthy,0
COW_29,2025-06-09,99,38.74,66.9,447.2,26.18,21.0,57.2,19.5,Healthy,0
COW_30,2025-06-09,182,38.91,56.4,502.4,30.03,22.9,66.3,21.4,Healthy,0
COW_01,2025-06-10,35,38.28,59.3,423.9,33.58,23.6,71.3,22.2,Healthy,0
COW_02,2025-06-10,203,38.45,52.4,531.1,26.94,23.1,56.7,21.1,Healthy,0
COW_03,2025-06-10,60,38.73,55.5,457.9,29.21,24.0,73.5,22.6,Healthy,0
COW_04,2025-06-10,57,38.65,57.9,478.4,21.04,21.2,84.7,20.7,Healthy,0
COW_05,2025-06-10,118,38.18,46.7,491.6,19.63,24.0,55.7,21.7,Healthy,0
COW_06,2025-06-10,197,38.52,61.4,454.1,25.1,23.4,64.0,21.7,Healthy,0
COW_07,2025-06-10,222,38.67,64.9,517.0,35.41,23.9,66.0,22.1,Healthy,0
COW_08,2025-06-10,185,38.44,46.2,531.1,33.45,23.4,64.3,21.7,Healthy,0
COW_09,2025-06-10,189,38.43,55.5,485.7,33.04,24.1,62.8,22.2,Healthy,0
COW_10,2025-06-10,250,38.54,58.9,461.1,24.91,21.7,64.9,20.3,Healthy,0
COW_11,2025-06-10,148,38.9,44.4,452.1,33.37,21.5,61.2,20.0,Healthy,0
COW_12,2025-06-10,49,38.63,55.6,439.4,23.56,22.0,71.2,20.8,Healthy,0
COW_13,2025-06-10,138,38.49,69.1,416.8,28.17,21.4,79.3,20.6,Healthy,0
COW_14,2025-06-10,119,38.62,47.2,431.5,32.43,22.5,71.9,21.2,Healthy,0
COW_15,2025-06-10,187,38.71,56.2,531.7,27.41,21.9,69.3,20.6,Healthy,0
COW_16,2025-06-10,82,38.6,68.4,443.3,30.79,24.1,68.1,22.4,Healthy,0
COW_17,2025-06-10,58,38.36,47.2,513.4,23.53,24.4,50.4,21.7,Healthy,0
COW_18,2025-06-10,41,38.35,67.8,490.9,27.04,23.4,74.8,22.2,Healthy,0
COW_19,2025-06-10,65,38.64,49.6,472.8,39.41,21.6,63.9,20.2,Healthy,0
COW_20,2025-06-10,236,39.01,35.9,465.1,37.77,19.3,81.1,18.8,Healthy,0
COW_21,2025-06-10,96,38.56,61.2,458.2,20.85,22.2,59.0,20.5,Healthy,0
COW_22,2025-06-10,215,38.48,43.5,490.3,21.87,22.3,63.5,20.7,Healthy,0
COW_23,2025-06-10,29,38.67,48.0,496.6,33.12,22.2,68.6,20.8,Healthy,0
COW_24,2025-06-10,159,38.9,61.9,431.5,24.9,22.1,60.1,20.4,Healthy,0
COW_25,2025-06-10,216,38.43,55.6,454.6,21.03,21.3,61.0,19.9,Healthy,0
COW_26,2025-06-10,96,38.65,52.7,496.7,22.82,22.2,63.7,20.7,Healthy,0
COW_27,2025-06-10,34,38.69,58.9,541.2,34.71,23.7,77.6,22.6,Healthy,0
COW_28,2025-06-10,190,38.59,46.5,477.8,19.74,21.0,54.8,19.4,Healthy,0
COW_29,2025-06-10,100,38.74,67.8,470.4,25.27,19.8,51.2,18.4,Healthy,0
COW_30,2025-06-10,183,38.94,61.3,473.3,30.07,23.7,74.2,22.4,Healthy,0
COW_01,2025-06-11,36,38.41,58.7,434.3,32.42,21.1,55.9,19.5,Healthy,0
COW_02,2025-06-11,204,38.54,47.8,477.9,30.4,22.1,60.7,20.5,Healthy,0
COW_03,2025-06-11,61,38.78,53.7,472.1,27.77,23.5,68.0,21.9,Healthy,0
COW_04,2025-06-11,58,38.87,57.1,495.6,20.79,20.1,64.1,19.0,Healthy,0
COW_05,2025-06-11,119,38.6,38.8,494.5,16.63,21.6,77.1,20.7,Healthy,0
COW_06,2025-06-11,198,38.62,61.0,462.9,23.72,22.3,68.5,20.9,Healthy,0
COW_07,2025-06-11,223,38.41,56.4,561.6,33.64,20.0,74.9,19.3,Healthy,0
COW_08,2025-06-11,186,38.38,42.5,542.9,34.1,25.5,60.9,23.1,Healthy,0
COW_09,2025-06-11,190,38.65,68.6,487.4,35.37,23.2,72.9,21.9,Healthy,0
COW_10,2025-06-11,251,38.46,63.3,480.0,25.68,22.6,66.8,21.1,Healthy,0
COW_11,2025-06-11,149,38.74,42.8,433.8,32.0,27.2,62.1,24.5,Healthy,0
COW_12,2025-06-11,50,38.34,61.1,473.2,20.83,23.8,69.5,22.3,Healthy,0
COW_13,2025-06-11,139,38.61,53.6,436.8,28.11,22.2,71.1,21.0,Healthy,0
COW_14,2025-06-11,120,38.69,55.4,443.4,34.17,22.5,63.4,20.9,Healthy,0
COW_15,2025-06-11,188,38.77,50.4,538.6,29.56,23.9,72.4,22.5,Healthy,0
COW_16,2025-06-11,83,38.66,73.9,434.6,31.23,23.2,60.5,21.3,Healthy,0
COW_17,2025-06-11,59,38.63,50.1,519.2,32.51,19.6,70.6,18.8,Healthy,0
COW_18,2025-06-11,42,38.53,72.3,498.4,32.13,22.9,60.7,21.1,Healthy,0
COW_19,2025-06-11,66,38.55,58.3,524.1,37.29,20.7,53.9,19.1,Healthy,0
COW_20,2025-06-11,237,38.85,43.0,471.8,37.14,23.4,73.0,22.1,Healthy,0
COW_21,2025-06-11,97,38.58,50.3,487.6,22.6,23.8,66.6,22.1,Healthy,0
COW_22,2025-06-11,216,38.56,38.3,517.4,21.14,23.9,62.3,21.9,Healthy,0
COW_23,2025-06-11,30,38.63,56.4,495.8,32.08,24.6,67.8,22.8,Healthy,0
COW_24,2025-06-11,160,38.99,54.0,419.3,25.46,23.1,68.2,21.6,Healthy,0
COW_25,2025-06-11,217,38.53,49.2,498.4,22.47,25.7,63.7,23.5,Healthy,0
COW_26,2025-06-11,97,38.97,65.0,515.3,22.7,23.9,70.4,22.4,Healthy,0
COW_27,2025-06-11,35,38.66,69.5,570.4,34.06,20.9,67.5,19.8,Healthy,0
COW_28,2025-06-11,191,38.79,42.3,487.9,21.2,24.4,71.4,22.8,Healthy,0
COW_29,2025-06-11,101,38.74,55.8,464.9,23.05,22.9,73.2,21.6,Healthy,0
COW_30,2025-06-11,184,38.93,54.2,475.0,28.86,23.3,64.0,21.5,Healthy,0
COW_01,2025-06-12,37,38.35,63.5,423.6,33.74,22.8,66.3,21.3,Healthy,0
COW_02,2025-06-12,205,38.38,45.2,511.7,28.73,23.9,67.9,22.3,Healthy,0
COW_03,2025-06-12,62,38.81,59.0,482.8,27.52,23.0,66.7,21.4,Healthy,0
COW_04,2025-06-12,59,38.59,58.7,477.0,21.37,23.7,67.9,22.1,Healthy,0
COW_05,2025-06-12,120,38.37,47.8,486.8,19.0,25.5,63.1,23.3,Healthy,0
COW_06,2025-06-12,199,38.48,69.4,470.7,19.12,25.2,40.6,21.7,Healthy,0
COW_07,2025-06-12,224,38.72,68.4,537.5,35.15,24.0,70.6,22.5,Healthy,0
COW_08,2025-06-12,187,38.51,59.3,505.3,31.48,25.4,58.4,22.9,Healthy,0
COW_09,2025-06-12,191,38.52,53.7,508.5,36.57,20.4,55.2,18.9,Healthy,0
COW_10,2025-06-12,252,38.56,69.6,474.1,27.02,24.1,64.8,22.2,Healthy,0
COW_11,2025-06-12,150,38.73,51.1,448.5,33.0,23.0,59.9,21.1,Healthy,0
COW_12,2025-06-12,51,38.51,57.5,439.0,19.87,25.1,72.8,23.5,Healthy,0
COW_13,2025-06-12,140,38.56,58.0,428.4,28.37,23.8,65.5,22.0,Healthy,0
COW_14,2025-06-12,121,38.81,43.4,451.0,35.95,21.2,59.9,19.8,Healthy,0
COW_15,2025-06-12,189,38.65,61.1,526.5,29.75,24.0,65.4,22.2,Healthy,0
COW_16,2025-06-12,84,38.69,65.5,435.5,32.16,23.7,72.5,22.3,Healthy,0
COW_17,2025-06-12,60,38.36,56.7,500.4,27.9,22.1,71.2,20.9,Healthy,0
COW_18,2025-06-12,43,38.43,74.4,451.4,28.83,23.6,61.0,21.6,Healthy,0
COW_19,2025-06-12,67,38.55,54.2,471.7,37.65,21.8,76.9,20.9,Healthy,0
COW_20,2025-06-12,238,38.95,51.1,471.1,39.0,24.8,50.6,22.0,Healthy,0
COW_21,2025-06-12,98,38.63,49.4,491.8,22.33,23.2,73.4,21.9,Healthy,0
COW_22,2025-06-12,217,38.55,41.6,461.9,21.23,22.8,74.4,21.7,Healthy,0
COW_23,2025-06-12,31,38.47,53.5,472.3,33.23,23.1,60.4,21.3,Healthy,0
COW_24,2025-06-12,161,38.85,58.9,449.0,24.79,25.8,62.4,23.4,Healthy,0
COW_25,2025-06-12,218,38.48,63.1,466.2,21.47,24.5,55.1,22.1,Healthy,0
COW_26,2025-06-12,98,38.74,42.5,496.1,24.76,21.0,59.2,19.6,Healthy,0
COW_27,2025-06-12,36,38.48,60.9,561.9,34.42,23.3,72.5,22.0,Healthy,0
COW_28,2025-06-12,192,38.7,50.8,508.5,20.41,20.7,60.8,19.4,Healthy,0
COW_29,2025-06-12,102,38.95,49.5,456.3,25.17,23.7,55.2,21.4,Healthy,0
COW_30,2025-06-12,185,38.78,53.4,455.7,24.83,23.2,83.6,22.5,Healthy,0
COW_01,2025-06-13,38,38.51,59.5,428.3,31.71,23.3,61.9,21.5,Healthy,0
COW_02,2025-06-13,206,38.62,46.7,483.2,30.61,23.4,73.9,22.1,Healthy,0
COW_03,2025-06-13,63,38.66,50.6,488.5,28.63,22.9,67.5,21.4,Healthy,0
COW_04,2025-06-13,60,38.73,52.6,513.8,21.31,24.8,64.9,22.8,Healthy,0
COW_05,2025-06-13,121,38.22,39.6,491.6,19.76,21.5,59.2,20.0,Healthy,0
COW_06,2025-06-13,200,38.5,72.0,457.6,21.3,22.2,73.2,21.1,Healthy,0
COW_07,2025-06-13,225,38.95,67.7,509.6,35.13,25.6,74.6,24.0,Healthy,0
COW_08,2025-06-13,188,38.48,44.4,525.2,32.91,23.6,68.6,22.0,Healthy,0
COW_09,2025-06-13,192,38.73,58.8,481.2,35.74,23.9,70.9,22.4,Healthy,0
COW_10,2025-06-13,253,38.47,52.4,476.5,25.52,21.3,58.6,19.7,Healthy,0
COW_11,2025-06-13,151,38.88,50.4,456.0,30.31,23.6,54.8,21.3,Healthy,0
COW_12,2025-06-13,52,38.51,51.1,441.4,21.88,22.4,67.9,21.0,Healthy,0
COW_13,2025-06-13,141,38.46,65.4,413.3,28.36,23.4,79.1,22.4,Healthy,0
COW_14,2025-06-13,122,38.55,51.1,430.6,35.03,24.9,69.1,23.1,Healthy,0
COW_15,2025-06-13,190,38.82,56.2,516.0,29.53,21.5,60.7,20.0,Healthy,0
COW_16,2025-06-13,85,38.65,68.7,455.2,31.78,22.8,67.3,21.3,Healthy,0
COW_17,2025-06-13,61,38.4,60.8,497.3,25.6,26.3,64.5,24.0,Healthy,0
COW_18,2025-06-13,44,38.55,82.3,470.1,28.55,25.4,66.9,23.4,Healthy,0
COW_19,2025-06-13,68,38.77,54.3,504.1,34.57,24.8,61.0,22.6,Healthy,0
COW_20,2025-06-13,239,39.16,39.5,485.6,36.09,25.5,59.5,23.0,Healthy,0
COW_21,2025-06-13,99,38.54,63.4,506.1,23.96,22.4,47.5,20.1,Healthy,0
COW_22,2025-06-13,218,38.46,40.9,471.6,23.63,22.6,69.5,21.2,Healthy,0
COW_23,2025-06-13,32,38.73,48.7,509.0,36.46,25.5,64.7,23.4,Healthy,0
COW_24,2025-06-13,162,38.9,75.9,446.2,26.29,24.8,70.9,23.2,Healthy,0
COW_25,2025-06-13,219,38.6,57.2,493.9,23.07,25.8,64.1,23.6,Healthy,0
COW_26,2025-06-13,99,38.89,49.0,518.3,21.43,27.4,52.7,24.0,Healthy,0
COW_27,2025-06-13,37,38.26,60.7,579.1,36.52,25.0,78.5,23.7,Healthy,0
COW_28,2025-06-13,193,38.73,44.1,512.2,19.68,24.0,74.0,22.6,Healthy,0
COW_29,2025-06-13,103,38.96,59.2,466.4,28.84,23.9,68.2,22.2,Healthy,0
COW_30,2025-06-13,186,39.07,54.1,489.5,27.31,21.9,55.4,20.1,Healthy,0
COW_01,2025-06-14,39,38.32,63.4,414.4,32.72,25.0,68.6,23.2,Healthy,0
COW_02,2025-06-14,207,38.53,47.8,510.6,31.94,27.4,65.6,25.0,Healthy,0
COW_03,2025-06-14,64,38.64,54.7,488.8,27.68,23.6,76.5,22.4,Healthy,0
COW_04,2025-06-14,61,38.55,57.6,506.5,23.43,24.1,77.3,22.9,Healthy,0
COW_05,2025-06-14,122,38.34,41.8,462.6,18.22,23.2,71.2,21.8,Healthy,0
COW_06,2025-06-14,201,38.37,72.5,461.6,21.71,23.4,56.9,21.3,Healthy,0
COW_07,2025-06-14,226,38.68,68.7,547.3,38.32,23.2,60.9,21.3,Healthy,0
COW_08,2025-06-14,189,38.38,43.8,516.0,32.19,23.7,66.0,21.9,Healthy,0
COW_09,2025-06-14,193,38.44,52.6,496.8,35.85,25.2,55.2,22.5,Healthy,0
COW_10,2025-06-14,254,38.42,63.1,493.2,25.77,23.9,50.1,21.3,Healthy,0
COW_11,2025-06-14,152,38.94,37.7,452.7,32.19,24.7,69.7,23.0,Healthy,0
COW_12,2025-06-14,53,38.65,54.3,466.3,20.33,24.0,57.2,21.7,Healthy,0
COW_13,2025-06-14,142,38.43,53.3,414.5,28.21,22.2,61.2,20.6,Healthy,0
COW_14,2025-06-14,123,38.52,52.6,441.0,33.64,27.5,65.8,25.1,Healthy,0
COW_15,2025-06-14,191,39.05,51.2,517.0,26.91,24.8,59.1,22.5,Healthy,0
COW_16,2025-06-14,86,38.58,74.9,470.5,33.01,24.9,64.3,22.8,Healthy,0
COW_17,2025-06-14,62,38.74,60.7,491.5,27.57,24.5,77.2,23.2,Healthy,0
COW_18,2025-06-14,45,38.67,70.3,468.2,26.53,21.9,50.3,19.9,Healthy,0
COW_19,2025-06-14,69,38.48,54.1,490.5,35.93,25.7,58.7,23.2,Healthy,0
COW_20,2025-06-14,240,38.96,41.1,486.9,36.71,25.7,47.7,22.5,Healthy,0
COW_21,2025-06-14,100,38.72,57.2,473.2,24.59,23.0,61.6,21.2,Healthy,0
COW_22,2025-06-14,219,38.68,43.1,464.5,19.42,25.6,54.9,22.8,Healthy,0
COW_23,2025-06-14,33,38.46,47.7,492.3,32.15,23.2,62.4,21.4,Healthy,0
COW_24,2025-06-14,163,38.93,64.5,450.6,24.59,24.8,81.2,23.7,Healthy,0
COW_25,2025-06-14,220,38.45,64.8,451.9,19.59,25.1,78.0,23.9,Healthy,0
COW_26,2025-06-14,100,38.63,48.5,480.0,23.49,24.2,63.4,22.2,Healthy,0
COW_27,2025-06-14,38,38.55,59.8,569.0,33.71,23.1,60.9,21.3,Healthy,0
COW_28,2025-06-14,194,38.65,48.1,501.4,17.56,23.9,71.6,22.4,Healthy,0
COW_29,2025-06-14,104,38.72,52.1,459.1,29.73,25.2,67.2,23.3,Healthy,0
COW_30,2025-06-14,187,38.87,58.1,491.0,30.51,23.8,65.3,22.0,Healthy,0
COW_01,2025-06-15,40,38.51,60.5,415.1,32.58,22.2,53.4,20.2,Healthy,0
COW_02,2025-06-15,208,38.5,53.8,492.6,29.51,24.7,67.5,22.8,Healthy,0
COW_03,2025-06-15,65,38.57,42.9,456.8,29.43,24.7,64.1,22.7,Healthy,0
COW_04,2025-06-15,62,38.79,57.9,512.3,25.41,27.6,55.2,24.4,Healthy,0
COW_05,2025-06-15,123,38.48,42.9,477.4,19.37,23.5,55.8,21.3,Healthy,0
COW_06,2025-06-15,202,38.65,52.3,390.8,20.32,23.4,75.3,22.2,Lameness,0
COW_07,2025-06-15,227,38.69,60.4,520.0,30.31,24.0,68.0,22.4,Healthy,0
COW_08,2025-06-15,190,38.44,45.9,520.9,33.35,25.7,76.5,24.3,Healthy,0
COW_09,2025-06-15,194,38.62,62.3,500.0,36.21,24.5,58.3,22.2,Healthy,0
COW_10,2025-06-15,255,38.47,62.2,496.5,26.06,26.3,52.9,23.2,Healthy,0
COW_11,2025-06-15,153,38.89,52.5,473.3,31.72,26.1,71.0,24.2,Healthy,0
COW_12,2025-06-15,54,38.68,50.9,456.4,20.68,23.1,60.1,21.2,Healthy,0
COW_13,2025-06-15,143,38.3,58.2,421.6,25.49,26.3,54.5,23.4,Healthy,0
COW_14,2025-06-15,124,38.49,53.1,434.2,32.34,23.1,61.4,21.3,Healthy,0
COW_15,2025-06-15,192,38.83,58.6,510.1,29.42,25.9,73.4,24.3,Healthy,0
COW_16,2025-06-15,87,38.49,65.3,451.9,32.4,25.4,72.4,23.7,Healthy,0
COW_17,2025-06-15,63,38.59,55.5,500.5,27.62,26.6,65.0,24.3,Healthy,0
COW_18,2025-06-15,46,38.56,62.7,490.8,29.25,24.3,58.2,22.1,Healthy,0
COW_19,2025-06-15,70,38.76,48.9,521.7,34.89,24.7,61.1,22.5,Healthy,0
COW_20,2025-06-15,241,38.89,44.4,466.6,37.49,24.1,65.4,22.3,Healthy,0
COW_21,2025-06-15,101,38.66,51.0,482.8,24.46,25.0,75.0,23.6,Healthy,0
COW_22,2025-06-15,220,38.62,44.4,490.8,22.17,23.3,57.2,21.2,Healthy,0
COW_23,2025-06-15,34,38.56,56.9,479.9,32.16,24.5,63.4,22.5,Healthy,0
COW_24,2025-06-15,164,39.02,65.0,461.9,24.15,24.3,72.6,22.8,Healthy,0
COW_25,2025-06-15,221,38.55,59.3,444.9,20.98,21.9,71.2,20.7,Healthy,0
COW_26,2025-06-15,101,38.75,51.0,492.3,25.21,24.4,57.3,22.1,Healthy,0
COW_27,2025-06-15,39,38.42,62.4,561.2,33.17,23.8,69.0,22.3,Healthy,0
COW_28,2025-06-15,195,38.67,54.5,464.2,17.24,25.8,71.9,24.1,Healthy,0
COW_29,2025-06-15,105,38.69,63.5,447.9,24.1,23.9,80.6,22.9,Healthy,0
COW_30,2025-06-15,188,38.78,52.3,464.7,30.48,24.2,50.0,21.5,Healthy,0
COW_01,2025-06-16,41,38.31,56.0,427.5,31.34,24.5,75.4,23.1,Healthy,0
COW_02,2025-06-16,209,38.41,40.5,474.2,27.34,24.4,62.7,22.4,Healthy,0
COW_03,2025-06-16,66,38.8,40.1,490.7,31.73,23.4,62.0,21.5,Healthy,0
COW_04,2025-06-16,63,38.6,66.6,485.1,20.53,24.3,68.4,22.6,Healthy,0
COW_05,2025-06-16,124,38.3,40.4,465.8,19.4,26.2,52.3,23.1,Healthy,0
COW_06,2025-06-16,203,38.45,33.6,425.8,18.54,25.2,55.2,22.6,Lameness,0
COW_07,2025-06-16,228,38.67,72.5,533.6,36.39,25.5,71.6,23.8,Healthy,0
COW_08,2025-06-16,191,38.43,49.7,517.6,34.88,27.4,69.1,25.2,Healthy,0
COW_09,2025-06-16,195,38.57,63.1,490.9,34.67,24.3,66.6,22.5,Healthy,0
COW_10,2025-06-16,256,38.4,63.7,509.2,27.87,25.0,47.4,22.0,Healthy,0
COW_11,2025-06-16,154,38.85,39.9,465.7,31.87,26.7,57.5,23.9,Healthy,0
COW_12,2025-06-16,55,38.72,55.8,436.0,21.24,24.9,92.6,24.4,Healthy,0
COW_13,2025-06-16,144,38.6,53.5,453.1,28.85,23.6,57.7,21.4,Healthy,0
COW_14,2025-06-16,125,38.7,55.1,462.3,32.49,24.3,67.2,22.5,Healthy,0
COW_15,2025-06-16,193,38.86,70.5,536.4,28.72,23.8,64.2,21.9,Healthy,0
COW_16,2025-06-16,88,38.54,63.0,472.1,33.22,24.5,64.1,22.5,Healthy,0
COW_17,2025-06-16,64,38.51,51.8,495.2,25.6,23.9,77.0,22.7,Healthy,0
COW_18,2025-06-16,47,38.59,65.5,457.2,30.99,25.6,63.1,23.4,Healthy,0
COW_19,2025-06-16,71,38.56,59.5,520.0,38.2,24.5,66.5,22.6,Healthy,0
COW_20,2025-06-16,242,39.01,30.9,472.1,35.55,23.7,67.7,22.1,Healthy,0
COW_21,2025-06-16,102,38.72,56.6,449.4,21.17,26.2,52.6,23.2,Healthy,0
COW_22,2025-06-16,221,38.66,40.7,443.9,22.44,23.5,68.7,22.0,Healthy,0
COW_23,2025-06-16,35,38.75,55.6,474.2,33.81,25.9,64.0,23.6,Healthy,0
COW_24,2025-06-16,165,39.05,59.7,441.9,28.72,25.2,79.6,24.0,Healthy,0
COW_25,2025-06-16,222,38.38,47.9,482.5,23.33,24.8,69.6,23.1,Healthy,0
COW_26,2025-06-16,102,38.67,48.0,478.0,21.53,25.9,50.8,22.8,Healthy,0
COW_27,2025-06-16,40,38.61,54.1,541.7,35.15,23.0,69.4,21.6,Healthy,0
COW_28,2025-06-16,196,38.65,49.2,499.0,18.55,24.0,66.5,22.3,Healthy,0
COW_29,2025-06-16,106,38.98,56.7,458.2,23.99,25.2,66.3,23.2,Healthy,0
COW_30,2025-06-16,189,38.88,52.8,512.1,28.64,26.1,73.7,24.4,Healthy,0
COW_01,2025-06-17,42,38.41,64.7,407.5,32.39,24.0,62.3,22.0,Healthy,0
COW_02,2025-06-17,210,38.68,54.0,490.9,29.53,24.8,62.7,22.7,Healthy,0
COW_03,2025-06-17,67,38.61,49.0,479.8,31.53,28.2,62.3,25.4,Healthy,0
COW_04,2025-06-17,64,38.68,55.9,490.9,21.44,24.1,83.3,23.2,Healthy,0
COW_05,2025-06-17,125,38.4,42.5,488.4,19.14,23.3,54.9,21.1,Healthy,0
COW_06,2025-06-17,204,38.49,62.3,449.3,26.5,25.5,67.0,23.5,Healthy,0
COW_07,2025-06-17,229,38.75,69.7,534.2,35.2,26.0,62.7,23.6,Healthy,0
COW_08,2025-06-17,192,38.3,49.6,539.7,34.0,26.9,59.5,24.2,Healthy,0
COW_09,2025-06-17,196,38.54,59.2,500.5,37.33,27.6,73.0,25.6,Healthy,0
COW_10,2025-06-17,257,38.32,60.8,478.8,25.47,25.5,65.9,23.5,Healthy,0
COW_11,2025-06-17,155,38.81,48.9,458.3,28.23,26.0,50.2,22.8,Healthy,0
COW_12,2025-06-17,56,38.61,52.8,472.4,18.02,25.6,81.0,24.4,Healthy,0
COW_13,2025-06-17,145,38.58,55.6,426.5,29.63,24.3,65.7,22.5,Healthy,0
COW_14,2025-06-17,126,38.54,50.8,461.1,33.61,25.8,77.7,24.4,Healthy,0
COW_15,2025-06-17,194,38.99,62.9,542.8,29.41,23.5,68.9,22.0,Healthy,0
COW_16,2025-06-17,89,38.6,66.6,457.5,35.86,25.7,70.3,23.9,Healthy,0
COW_17,2025-06-17,65,38.53,58.1,466.3,28.55,25.2,61.1,22.9,Healthy,0
COW_18,2025-06-17,48,38.59,69.6,477.7,27.98,28.5,60.4,25.5,Healthy,0
COW_19,2025-06-17,72,38.51,50.6,480.3,35.76,25.8,49.7,22.7,Healthy,0
COW_20,2025-06-17,243,39.02,47.5,461.2,37.36,26.7,64.3,24.3,Healthy,0
COW_21,2025-06-17,103,38.58,58.3,506.5,21.97,24.5,64.6,22.5,Healthy,0
COW_22,2025-06-17,222,38.72,43.9,500.1,21.7,27.8,56.5,24.6,Healthy,0
COW_23,2025-06-17,36,38.45,63.3,482.4,34.17,25.7,69.8,23.9,Healthy,0
COW_24,2025-06-17,166,38.92,64.8,444.5,26.87,27.5,56.7,24.4,Healthy,0
COW_25,2025-06-17,223,38.59,53.2,458.4,22.58,26.4,72.2,24.5,Healthy,0
COW_26,2025-06-17,103,38.98,49.6,496.4,22.0,26.6,65.0,24.3,Healthy,0
COW_27,2025-06-17,41,38.69,67.9,572.1,34.78,28.8,46.3,24.6,Healthy,0
COW_28,2025-06-17,197,38.76,41.4,484.9,19.4,26.1,64.9,23.8,Healthy,0
COW_29,2025-06-17,107,38.87,63.5,465.3,27.29,24.4,69.3,22.7,Healthy,0
COW_30,2025-06-17,190,38.79,59.4,495.5,29.68,26.0,54.4,23.1,Healthy,0
COW_01,2025-06-18,43,38.53,52.4,428.0,33.06,24.9,53.4,22.2,Healthy,0
COW_02,2025-06-18,211,38.51,51.5,500.2,30.61,24.1,65.1,22.2,Healthy,0
COW_03,2025-06-18,68,38.87,53.7,511.0,29.25,26.0,67.9,23.9,Healthy,0
COW_04,2025-06-18,65,38.72,63.6,493.7,22.23,24.7,43.8,21.5,Healthy,0
COW_05,2025-06-18,126,38.4,48.7,450.1,19.68,27.6,63.8,25.0,Healthy,0
COW_06,2025-06-18,205,38.38,63.6,465.6,21.96,27.1,55.4,24.0,Healthy,0
COW_07,2025-06-18,230,38.76,74.0,529.3,35.09,27.7,74.1,25.8,Healthy,0
COW_08,2025-06-18,193,38.33,48.0,494.8,33.97,27.7,49.7,24.1,Healthy,0
COW_09,2025-06-18,197,38.49,52.3,491.5,35.32,24.1,61.5,22.0,Healthy,0
COW_10,2025-06-18,258,38.62,60.9,502.6,27.14,25.6,73.5,24.0,Healthy,0
COW_11,2025-06-18,156,38.8,53.4,486.8,29.23,25.3,65.3,23.2,Healthy,0
COW_12,2025-06-18,57,38.57,46.1,445.2,22.96,26.3,58.3,23.6,Healthy,0
COW_13,2025-06-18,146,38.62,61.0,426.7,27.29,23.2,56.6,21.1,Healthy,0
COW_14,2025-06-18,127,38.59,58.1,462.9,31.94,24.1,58.3,21.9,Healthy,0
COW_15,2025-06-18,195,38.72,46.9,524.2,29.02,27.1,69.0,25.0,Healthy,0
COW_16,2025-06-18,90,38.44,64.0,468.8,32.66,19.2,70.4,18.4,Healthy,0
COW_17,2025-06-18,66,38.56,52.1,471.6,29.08,26.1,62.5,23.7,Healthy,0
COW_18,2025-06-18,49,38.68,68.6,484.1,30.31,27.5,58.3,24.5,Healthy,0
COW_19,2025-06-18,73,38.59,63.1,514.3,35.54,23.7,68.7,22.1,Healthy,0
COW_20,2025-06-18,244,38.83,39.2,475.8,35.98,24.2,51.5,21.6,Healthy,0
COW_21,2025-06-18,104,38.64,55.8,500.2,21.63,26.0,68.6,24.0,Healthy,0
COW_22,2025-06-18,223,38.58,47.2,482.3,23.2,25.1,81.6,24.0,Healthy,0
COW_23,2025-06-18,37,38.74,57.3,490.0,34.84,24.8,66.3,22.9,Healthy,0
COW_24,2025-06-18,167,38.87,68.1,447.2,24.71,27.3,73.8,25.4,Healthy,0
COW_25,2025-06-18,224,38.56,48.5,485.2,21.73,25.0,62.6,22.9,Healthy,0
COW_26,2025-06-18,104,38.77,49.8,471.8,21.1,24.1,67.8,22.4,Healthy,0
COW_27,2025-06-18,42,38.48,64.0,556.0,35.58,25.7,66.1,23.6,Healthy,0
COW_28,2025-06-18,198,38.61,53.4,479.8,19.33,23.4,59.3,21.4,Healthy,0
COW_29,2025-06-18,108,38.74,61.3,474.0,26.56,27.0,52.4,23.7,Healthy,0
COW_30,2025-06-18,191,38.94,56.6,492.5,30.89,26.8,67.8,24.6,Healthy,0
COW_01,2025-06-19,44,38.45,58.4,425.0,32.74,28.5,63.1,25.7,Healthy,0
COW_02,2025-06-19,212,38.75,49.5,526.8,29.15,27.0,64.5,24.5,Healthy,0
COW_03,2025-06-19,69,39.0,57.8,474.1,30.84,25.5,61.1,23.2,Healthy,0
COW_04,2025-06-19,66,38.55,50.1,467.3,20.72,28.1,64.6,25.4,Healthy,0
COW_05,2025-06-19,127,38.45,40.1,481.5,16.73,22.6,72.5,21.4,Healthy,0
COW_06,2025-06-19,206,38.53,63.9,464.8,22.54,25.7,63.1,23.4,Healthy,0
COW_07,2025-06-19,231,38.72,50.9,541.1,31.13,28.3,66.4,25.7,Healthy,0
COW_08,2025-06-19,194,38.35,42.1,520.2,33.78,28.2,72.6,26.1,Healthy,0
COW_09,2025-06-19,198,38.53,53.5,487.9,37.77,26.4,84.8,25.4,Healthy,0
COW_10,2025-06-19,259,38.43,74.3,489.8,27.7,26.9,80.0,25.5,Healthy,0
COW_11,2025-06-19,157,39.07,44.2,452.2,33.38,25.5,70.8,23.8,Healthy,0
COW_12,2025-06-19,58,38.51,52.0,456.5,22.79,27.7,68.6,25.4,Healthy,0
COW_13,2025-06-19,147,38.55,56.3,430.2,29.28,24.3,63.1,22.3,Healthy,0
COW_14,2025-06-19,128,38.52,51.8,463.7,36.02,26.6,61.4,24.0,Healthy,0
COW_15,2025-06-19,196,38.9,49.4,519.1,25.97,23.1,70.9,21.7,Healthy,0
COW_16,2025-06-19,91,38.8,56.4,473.2,27.9,27.5,64.9,25.0,Healthy,0
COW_17,2025-06-19,67,38.45,47.2,506.8,30.12,26.4,53.9,23.4,Healthy,0
COW_18,2025-06-19,50,38.63,78.7,468.1,29.26,25.3,62.2,23.1,Healthy,0
COW_19,2025-06-19,74,38.36,61.1,494.3,39.17,23.5,72.3,22.1,Healthy,0
COW_20,2025-06-19,245,38.98,39.6,468.2,37.91,24.1,64.6,22.3,Healthy,0
COW_21,2025-06-19,105,38.57,60.8,486.7,24.01,26.4,68.0,24.3,Healthy,0
COW_22,2025-06-19,224,38.8,45.2,493.4,23.25,24.3,54.5,21.9,Healthy,0
COW_23,2025-06-19,38,38.44,49.3,499.2,33.73,23.5,69.0,22.0,Healthy,0
COW_24,2025-06-19,168,38.86,64.6,431.0,24.11,26.3,65.3,24.0,Healthy,0
COW_25,2025-06-19,225,38.46,58.7,453.6,20.24,25.6,77.9,24.2,Healthy,0
COW_26,2025-06-19,105,38.84,54.1,483.2,24.41,25.9,57.5,23.2,Healthy,0
COW_27,2025-06-19,43,38.5,57.2,552.9,34.12,24.9,72.6,23.4,Healthy,0
COW_28,2025-06-19,199,38.72,48.8,496.9,20.6,29.2,59.0,25.9,Healthy,0
COW_29,2025-06-19,109,38.69,57.6,446.6,25.84,25.5,75.5,24.0,Healthy,0
COW_30,2025-06-19,192,38.95,62.5,509.6,29.46,26.3,72.5,24.5,Healthy,0
COW_01,2025-06-20,45,38.34,61.9,424.8,34.74,27.6,67.9,25.3,Healthy,0
COW_02,2025-06-20,213,38.47,44.5,511.8,27.73,27.4,73.7,25.5,Healthy,0
COW_03,2025-06-20,70,38.77,53.7,488.9,29.41,26.9,68.4,24.7,Healthy,0
COW_04,2025-06-20,67,38.82,61.2,512.8,21.16,27.2,70.8,25.1,Healthy,0
COW_05,2025-06-20,128,38.3,41.3,462.5,17.05,26.1,59.2,23.5,Healthy,0
COW_06,2025-06-20,207,38.49,69.3,466.0,23.36,25.7,71.4,24.0,Healthy,0
COW_07,2025-06-20,232,38.82,58.3,510.1,34.85,26.3,61.1,23.8,Healthy,0
COW_08,2025-06-20,195,38.53,48.0,527.1,33.04,27.7,56.1,24.5,Healthy,0
COW_09,2025-06-20,199,38.6,55.4,492.7,36.38,27.0,81.6,25.8,Healthy,0
COW_10,2025-06-20,260,38.6,52.2,505.2,26.62,26.5,54.8,23.6,Healthy,0
COW_11,2025-06-20,158,38.75,45.8,434.5,29.47,27.6,64.6,25.1,Healthy,0
COW_12,2025-06-20,59,38.44,48.1,459.1,18.76,26.0,67.4,24.0,Healthy,0
COW_13,2025-06-20,148,38.54,53.4,450.5,29.09,26.8,79.4,25.4,Healthy,0
COW_14,2025-06-20,129,38.4,52.6,454.9,34.41,29.5,74.9,27.5,Healthy,0
COW_15,2025-06-20,197,38.77,58.7,537.3,27.3,27.3,59.7,24.4,Healthy,0
COW_16,2025-06-20,92,38.38,68.6,467.6,32.61,27.3,61.7,24.6,Healthy,0
COW_17,2025-06-20,68,38.57,54.3,516.4,28.61,21.9,69.4,20.7,Healthy,0
COW_18,2025-06-20,51,38.7,64.5,457.8,31.62,27.3,82.0,26.1,Healthy,0
COW_19,2025-06-20,75,38.58,53.9,476.9,37.31,27.4,79.3,25.9,Healthy,0
COW_20,2025-06-20,246,38.88,44.2,481.8,34.05,27.2,73.3,25.4,Healthy,0
COW_21,2025-06-20,106,38.55,53.5,502.8,23.78,24.9,66.4,22.9,Healthy,0
COW_22,2025-06-20,225,38.71,45.2,481.7,21.48,22.8,63.5,21.1,Healthy,0
COW_23,2025-06-20,39,38.49,60.9,493.1,31.49,26.5,57.7,23.7,Healthy,0
COW_24,2025-06-20,169,38.8,59.9,433.1,26.13,23.4,56.9,21.3,Healthy,0
COW_25,2025-06-20,226,38.64,46.1,495.1,23.76,24.6,44.8,21.6,Healthy,0
COW_26,2025-06-20,106,38.87,48.5,487.6,23.61,26.2,63.8,23.9,Healthy,0
COW_27,2025-06-20,44,38.6,65.3,544.1,31.17,26.4,88.2,25.6,Healthy,0
COW_28,2025-06-20,200,38.5,41.9,477.3,18.31,26.5,75.0,24.9,Healthy,0
COW_29,2025-06-20,110,38.81,64.1,472.8,25.65,26.6,70.8,24.6,Healthy,0
COW_30,2025-06-20,193,38.84,52.3,494.6,29.2,24.6,69.0,22.9,Healthy,0
COW_01,2025-06-21,46,38.59,55.1,411.9,31.31,26.1,54.0,23.1,Healthy,0
COW_02,2025-06-21,214,38.53,47.0,512.1,28.55,28.1,50.3,24.4,Healthy,0
COW_03,2025-06-21,71,38.49,56.8,470.0,27.23,26.6,65.7,24.3,Healthy,0
COW_04,2025-06-21,68,38.63,62.0,509.5,21.69,25.0,55.5,22.4,Healthy,0
COW_05,2025-06-21,129,38.43,45.8,488.1,19.52,29.0,56.5,25.5,Healthy,0
COW_06,2025-06-21,208,38.54,65.3,464.0,26.04,24.6,71.2,23.0,Healthy,0
COW_07,2025-06-21,233,38.73,76.7,545.9,36.03,27.9,76.8,26.2,Healthy,0
COW_08,2025-06-21,196,38.56,53.2,524.3,34.07,27.3,42.1,23.2,Healthy,0
COW_09,2025-06-21,200,38.5,61.1,495.8,33.64,27.8,75.1,26.0,Healthy,0
COW_10,2025-06-21,261,38.58,56.9,485.6,26.7,29.5,80.9,28.0,Healthy,0
COW_11,2025-06-21,159,38.86,42.9,456.1,31.51,28.1,44.0,23.9,Healthy,0
COW_12,2025-06-21,60,38.46,49.6,449.7,21.54,28.3,69.9,26.0,Healthy,0
COW_13,2025-06-21,149,39.9,48.8,434.6,14.59,27.1,56.1,24.1,Mastitis,1
COW_14,2025-06-21,130,38.68,47.4,446.8,33.99,25.5,69.0,23.6,Healthy,0
COW_15,2025-06-21,198,38.66,54.9,513.6,27.57,29.6,52.8,25.7,Healthy,0
COW_16,2025-06-21,93,38.43,69.9,476.6,33.75,23.7,52.9,21.3,Healthy,0
COW_17,2025-06-21,69,38.45,47.5,500.6,28.32,24.2,70.6,22.6,Healthy,0
COW_18,2025-06-21,52,38.48,70.1,462.1,29.42,24.0,70.5,22.5,Healthy,0
COW_19,2025-06-21,76,38.69,52.5,482.4,34.37,28.9,58.8,25.6,Healthy,0
COW_20,2025-06-21,247,38.88,41.6,469.5,36.57,27.5,69.5,25.3,Healthy,0
COW_21,2025-06-21,107,38.37,53.7,498.8,22.64,26.8,40.9,22.8,Healthy,0
COW_22,2025-06-21,226,38.51,48.4,500.0,22.33,27.3,53.0,24.0,Healthy,0
COW_23,2025-06-21,40,38.7,54.5,496.2,34.07,25.2,54.7,22.5,Healthy,0
COW_24,2025-06-21,170,38.72,65.6,422.1,25.5,29.1,78.4,27.4,Healthy,0
COW_25,2025-06-21,227,38.53,59.9,498.7,20.43,29.3,47.2,25.0,Healthy,0
COW_26,2025-06-21,107,38.79,42.3,498.1,22.35,25.1,63.1,23.0,Healthy,0
COW_27,2025-06-21,45,38.66,57.0,567.4,34.81,24.6,76.0,23.3,Healthy,0
COW_28,2025-06-21,201,38.82,49.7,520.0,19.24,24.2,73.4,22.8,Healthy,0
COW_29,2025-06-21,111,38.91,58.3,443.6,23.88,26.2,46.3,22.7,Healthy,0
COW_30,2025-06-21,194,39.03,50.9,502.5,25.71,26.1,79.7,24.8,Healthy,0
COW_01,2025-06-22,47,38.51,59.9,399.4,31.18,27.4,71.7,25.4,Healthy,0
COW_02,2025-06-22,215,38.45,38.5,482.9,31.06,28.3,59.2,25.2,Healthy,0
COW_03,2025-06-22,72,38.61,57.7,464.6,28.78,26.0,64.6,23.8,Healthy,0
COW_04,2025-06-22,69,38.7,60.8,489.1,22.55,27.8,69.9,25.6,Healthy,0
COW_05,2025-06-22,130,38.39,49.2,502.3,17.03,26.4,75.9,24.9,Healthy,0
COW_06,2025-06-22,209,38.37,67.9,486.0,24.23,27.2,60.5,24.4,Healthy,0
COW_07,2025-06-22,234,38.7,52.6,530.5,35.68,25.5,63.6,23.3,Healthy,0
COW_08,2025-06-22,197,38.51,46.7,520.4,35.39,26.8,55.9,23.8,Healthy,0
COW_09,2025-06-22,201,38.49,56.8,466.8,34.11,28.5,61.3,25.5,Healthy,0
COW_10,2025-06-22,262,38.53,60.5,478.5,28.79,26.4,61.6,23.9,Healthy,0
COW_11,2025-06-22,160,38.81,47.4,457.9,31.66,27.3,62.6,24.7,Healthy,0
COW_12,2025-06-22,61,38.58,51.0,435.1,20.02,27.5,67.7,25.2,Healthy,0
COW_13,2025-06-22,150,39.84,41.4,437.5,14.62,22.9,74.9,21.7,Mastitis,1
COW_14,2025-06-22,131,38.64,46.8,472.4,34.29,24.3,64.6,22.4,Healthy,0
COW_15,2025-06-22,199,38.88,49.4,534.3,28.68,27.5,57.4,24.4,Healthy,0
COW_16,2025-06-22,94,38.53,58.4,451.0,32.65,24.8,71.2,23.1,Healthy,0
COW_17,2025-06-22,70,38.62,54.8,490.5,26.23,28.4,52.9,24.8,Healthy,0
COW_18,2025-06-22,53,38.56,69.2,466.1,27.86,28.0,55.6,24.7,Healthy,0
COW_19,2025-06-22,77,38.74,58.1,502.4,35.96,27.9,64.9,25.3,Healthy,0
COW_20,2025-06-22,248,38.8,47.3,480.7,36.33,24.7,64.1,22.7,Healthy,0
COW_21,2025-06-22,108,38.57,58.3,491.4,24.27,26.6,63.7,24.2,Healthy,0
COW_22,2025-06-22,227,38.64,47.0,503.8,24.64,24.4,61.9,22.3,Healthy,0
COW_23,2025-06-22,41,38.61,49.0,481.9,34.44,27.7,55.0,24.4,Healthy,0
COW_24,2025-06-22,171,38.72,65.0,434.3,23.66,26.7,74.8,25.0,Healthy,0
COW_25,2025-06-22,228,38.5,52.2,492.1,23.68,28.3,54.2,24.9,Healthy,0
COW_26,2025-06-22,108,38.91,49.7,489.1,22.69,27.9,45.8,23.9,Healthy,0
COW_27,2025-06-22,46,38.51,59.3,561.4,35.43,25.8,51.3,22.8,Healthy,0
COW_28,2025-06-22,202,38.48,43.4,495.7,19.62,26.6,55.6,23.7,Healthy,0
COW_29,2025-06-22,112,38.97,61.9,458.8,24.79,28.5,56.1,25.1,Healthy,0
COW_30,2025-06-22,195,38.86,59.5,498.7,26.94,27.0,65.5,24.6,Healthy,0
COW_01,2025-06-23,48,38.64,75.6,427.7,31.22,23.9,67.1,22.2,Healthy,0
COW_02,2025-06-23,216,38.34,33.6,497.2,32.64,27.8,60.5,24.9,Healthy,0
COW_03,2025-06-23,73,38.71,48.5,495.6,29.49,24.3,49.3,21.6,Healthy,0
COW_04,2025-06-23,70,38.84,65.5,486.0,25.04,26.3,73.4,24.6,Healthy,0
COW_05,2025-06-23,131,38.45,44.6,480.0,18.59,27.6,63.0,24.9,Healthy,0
COW_06,2025-06-23,210,38.56,65.6,450.6,23.06,27.4,58.9,24.5,Healthy,0
COW_07,2025-06-23,235,38.65,70.3,544.6,35.44,28.1,64.7,25.4,Healthy,0
COW_08,2025-06-23,198,38.46,47.6,522.9,34.57,28.7,56.3,25.3,Healthy,0
COW_09,2025-06-23,202,38.47,58.0,484.8,35.29,28.2,55.7,24.9,Healthy,0
COW_10,2025-06-23,263,38.62,57.5,483.6,24.76,28.2,80.5,26.7,Healthy,0
COW_11,2025-06-23,161,38.84,45.4,476.6,29.96,27.0,66.5,24.7,Healthy,0
COW_12,2025-06-23,62,38.37,50.8,469.2,20.9,25.0,83.8,24.1,Healthy,0
COW_13,2025-06-23,151,38.45,53.5,434.4,30.39,29.6,67.9,26.9,Healthy,0
COW_14,2025-06-23,132,38.63,57.1,449.4,35.38,27.4,54.5,24.2,Healthy,0
COW_15,2025-06-23,200,38.77,59.0,547.2,28.95,25.8,67.7,23.8,Healthy,0
COW_16,2025-06-23,95,38.67,63.7,447.8,29.14,26.6,65.1,24.3,Healthy,0
COW_17,2025-06-23,71,38.65,53.8,502.0,25.14,26.9,69.9,24.9,Healthy,0
COW_18,2025-06-23,54,38.58,79.9,494.3,26.95,26.3,68.4,24.3,Healthy,0
COW_19,2025-06-23,78,38.55,59.0,495.3,35.22,28.0,64.5,25.4,Healthy,0
COW_20,2025-06-23,249,38.91,36.6,457.8,33.93,28.0,66.3,25.5,Healthy,0
COW_21,2025-06-23,109,38.48,55.6,465.5,20.06,25.5,77.1,24.1,Healthy,0
COW_22,2025-06-23,228,38.51,44.7,485.3,21.12,28.7,56.2,25.3,Healthy,0
COW_23,2025-06-23,42,38.51,50.0,525.1,34.54,26.5,69.6,24.5,Healthy,0
COW_24,2025-06-23,172,38.96,59.9,459.7,22.09,26.0,58.4,23.4,Healthy,0
COW_25,2025-06-23,229,38.62,56.8,449.8,18.63,28.7,63.6,25.8,Healthy,0
COW_26,2025-06-23,109,38.92,39.4,475.8,22.78,30.4,78.4,28.5,Healthy,0
COW_27,2025-06-23,47,38.56,49.6,556.5,35.5,28.0,73.3,26.0,Healthy,0
COW_28,2025-06-23,203,40.0,43.0,488.2,12.69,25.3,58.5,22.8,Mastitis,1
COW_29,2025-06-23,113,39.57,55.1,426.1,21.51,33.4,73.4,29.8,Heat_Stress,1
COW_30,2025-06-23,196,39.08,52.8,481.5,28.12,25.6,74.0,24.0,Healthy,0
COW_01,2025-06-24,49,38.36,58.9,412.3,32.49,28.9,66.3,26.3,Healthy,0
COW_02,2025-06-24,217,38.53,40.6,500.9,29.16,27.2,71.3,25.2,Healthy,0
COW_03,2025-06-24,74,38.68,52.4,483.2,29.35,27.7,72.6,25.7,Healthy,0
COW_04,2025-06-24,71,38.7,57.1,473.9,22.26,25.0,72.7,23.4,Healthy,0
COW_05,2025-06-24,132,38.39,44.0,473.1,19.96,31.7,50.8,27.0,Healthy,0
COW_06,2025-06-24,211,38.48,60.0,468.2,24.31,27.7,72.7,25.7,Healthy,0
COW_07,2025-06-24,236,38.74,56.9,500.6,34.68,27.8,74.7,26.0,Healthy,0
COW_08,2025-06-24,199,38.5,53.7,495.2,34.6,26.5,62.0,24.0,Healthy,0
COW_09,2025-06-24,203,38.49,57.6,507.2,37.86,26.3,72.5,24.5,Healthy,0
COW_10,2025-06-24,264,38.6,67.5,471.5,27.48,25.9,63.2,23.6,Healthy,0
COW_11,2025-06-24,162,39.05,45.1,473.8,32.9,27.2,63.3,24.7,Healthy,0
COW_12,2025-06-24,63,38.57,56.7,457.1,20.23,26.2,82.0,25.1,Healthy,0
COW_13,2025-06-24,152,38.57,60.9,410.2,28.69,26.2,67.5,24.1,Healthy,0
COW_14,2025-06-24,133,38.46,57.8,472.4,34.62,29.6,73.5,27.4,Healthy,0
COW_15,2025-06-24,201,39.09,54.8,542.6,27.12,27.3,70.0,25.2,Healthy,0
COW_16,2025-06-24,96,38.63,68.3,454.0,31.66,27.8,73.0,25.8,Healthy,0
COW_17,2025-06-24,72,38.41,57.1,504.8,26.74,28.6,47.4,24.5,Healthy,0
COW_18,2025-06-24,55,38.52,62.5,477.8,29.19,30.2,63.0,27.0,Healthy,0
COW_19,2025-06-24,79,38.64,53.2,479.3,39.02,29.7,72.1,27.3,Healthy,0
COW_20,2025-06-24,250,38.73,44.1,462.4,36.82,26.7,58.6,24.0,Healthy,0
COW_21,2025-06-24,110,38.58,57.7,476.7,20.14,28.7,47.6,24.6,Healthy,0
COW_22,2025-06-24,229,38.48,38.7,479.7,19.62,27.3,63.7,24.7,Healthy,0
COW_23,2025-06-24,43,38.43,51.1,500.0,33.86,27.2,67.0,24.9,Healthy,0
COW_24,2025-06-24,173,38.91,62.5,447.0,25.19,27.4,69.3,25.2,Healthy,0
COW_25,2025-06-24,230,38.4,83.2,427.1,21.61,25.0,80.1,23.9,Estrus,0
COW_26,2025-06-24,110,38.91,50.6,469.1,23.79,26.5,58.5,23.8,Healthy,0
COW_27,2025-06-24,48,38.59,71.8,552.2,34.31,26.7,72.7,24.8,Healthy,0
COW_28,2025-06-24,204,39.87,29.9,494.2,11.55,28.4,59.0,25.2,Mastitis,1
COW_29,2025-06-24,114,38.73,54.9,458.8,25.01,26.6,70.0,24.6,Healthy,0
COW_30,2025-06-24,197,38.89,56.2,479.4,28.67,26.6,54.9,23.6,Healthy,0
COW_01,2025-06-25,50,38.43,55.8,396.3,31.97,27.4,79.1,25.9,Healthy,0
COW_02,2025-06-25,218,38.52,51.8,495.0,30.36,30.0,57.2,26.3,Healthy,0
COW_03,2025-06-25,75,38.57,47.6,468.3,29.82,29.4,61.5,26.2,Healthy,0
COW_04,2025-06-25,72,38.84,55.2,505.6,21.43,26.6,71.2,24.7,Healthy,0
COW_05,2025-06-25,133,38.43,39.8,491.9,19.23,28.7,74.4,26.7,Healthy,0
COW_06,2025-06-25,212,38.57,68.8,466.9,23.36,26.7,82.7,25.6,Healthy,0
COW_07,2025-06-25,237,38.88,70.7,518.4,33.93,28.2,85.3,27.1,Healthy,0
COW_08,2025-06-25,200,38.39,46.4,548.8,32.43,25.8,54.6,22.9,Healthy,0
COW_09,2025-06-25,204,38.5,65.9,475.7,37.99,26.5,81.1,25.3,Healthy,0
COW_10,2025-06-25,265,38.6,60.7,463.0,25.16,25.4,68.9,23.6,Healthy,0
COW_11,2025-06-25,163,38.86,45.3,472.2,31.4,27.9,56.0,24.6,Healthy,0
COW_12,2025-06-25,64,38.68,58.9,459.8,19.28,29.4,58.3,26.0,Healthy,0
COW_13,2025-06-25,153,38.5,59.5,430.8,23.11,27.8,70.1,25.6,Healthy,0
COW_14,2025-06-25,134,38.67,47.7,480.5,34.94,26.9,59.7,24.2,Healthy,0
COW_15,2025-06-25,202,38.88,50.5,508.5,29.72,29.3,77.1,27.4,Healthy,0
COW_16,2025-06-25,97,38.6,68.0,447.6,31.09,28.3,60.6,25.3,Healthy,0
COW_17,2025-06-25,73,38.58,62.7,525.1,28.29,27.1,59.9,24.3,Healthy,0
COW_18,2025-06-25,56,38.64,63.2,456.6,30.29,29.1,57.3,25.7,Healthy,0
COW_19,2025-06-25,80,38.55,54.0,518.2,35.89,26.6,80.0,25.2,Healthy,0
COW_20,2025-06-25,251,38.82,39.6,463.5,36.27,27.2,61.6,24.5,Healthy,0
COW_21,2025-06-25,111,38.55,56.3,487.9,21.74,24.8,58.6,22.4,Healthy,0
COW_22,2025-06-25,230,38.51,48.2,484.2,23.06,27.2,64.8,24.8,Healthy,0
COW_23,2025-06-25,44,38.58,53.7,494.0,32.54,27.9,68.3,25.5,Healthy,0
COW_24,2025-06-25,174,38.92,62.1,455.1,26.69,26.7,64.5,24.3,Healthy,0
COW_25,2025-06-25,231,38.5,56.1,457.9,22.22,25.5,64.4,23.4,Healthy,0
COW_26,2025-06-25,111,38.85,46.5,510.1,20.65,27.6,58.0,24.6,Healthy,0
COW_27,2025-06-25,49,38.52,68.4,553.1,35.83,28.4,64.7,25.7,Healthy,0
COW_28,2025-06-25,205,38.74,47.9,493.3,17.14,25.8,44.9,22.4,Healthy,0
COW_29,2025-06-25,115,38.96,50.3,449.0,25.27,28.7,63.4,25.8,Healthy,0
COW_30,2025-06-25,198,38.86,57.2,475.8,29.74,27.9,60.5,25.0,Healthy,0
COW_01,2025-06-26,51,38.46,65.9,414.0,30.93,26.2,59.2,23.6,Healthy,0
COW_02,2025-06-26,219,38.4,55.1,502.5,31.12,27.0,76.6,25.4,Healthy,0
COW_03,2025-06-26,76,38.43,45.0,472.2,28.55,27.0,65.3,24.7,Healthy,0
COW_04,2025-06-26,73,38.69,67.9,493.8,24.01,27.8,71.4,25.7,Healthy,0
COW_05,2025-06-26,134,38.42,49.2,448.1,21.55,28.2,73.6,26.2,Healthy,0
COW_06,2025-06-26,213,38.52,63.5,468.9,23.87,25.6,74.0,24.0,Healthy,0
COW_07,2025-06-26,238,38.87,68.4,527.5,33.13,28.8,56.2,25.4,Healthy,0
COW_08,2025-06-26,201,38.65,45.0,520.8,33.73,26.2,63.1,23.9,Healthy,0
COW_09,2025-06-26,205,38.64,51.7,484.8,37.17,29.2,64.4,26.4,Healthy,0
COW_10,2025-06-26,266,38.73,67.0,455.7,29.26,29.1,52.6,25.3,Healthy,0
COW_11,2025-06-26,164,38.8,57.3,456.7,29.89,29.8,67.3,27.0,Healthy,0
COW_12,2025-06-26,65,38.61,46.6,420.5,21.26,26.4,49.1,23.1,Healthy,0
COW_13,2025-06-26,154,38.56,56.4,453.7,28.19,28.3,73.4,26.3,Healthy,0
COW_14,2025-06-26,135,38.63,43.9,465.0,32.71,28.2,60.8,25.3,Healthy,0
COW_15,2025-06-26,203,39.02,55.0,516.0,30.26,28.7,57.1,25.4,Healthy,0
COW_16,2025-06-26,98,38.65,66.5,445.8,31.57,26.9,51.8,23.6,Healthy,0
COW_17,2025-06-26,74,38.52,57.3,491.4,28.84,30.9,64.5,27.7,Healthy,0
COW_18,2025-06-26,57,38.53,62.6,469.3,30.46,27.0,63.0,24.5,Healthy,0
COW_19,2025-06-26,81,38.59,64.4,476.5,37.2,30.8,65.2,27.7,Healthy,0
COW_20,2025-06-26,252,38.86,54.9,451.7,35.21,32.6,68.4,29.5,Healthy,0
COW_21,2025-06-26,112,38.53,52.7,499.0,21.01,28.1,66.3,25.6,Healthy,0
COW_22,2025-06-26,231,38.53,43.8,495.8,20.85,28.4,58.5,25.3,Healthy,0
COW_23,2025-06-26,45,38.59,48.6,483.4,33.78,29.9,66.2,27.0,Healthy,0
COW_24,2025-06-26,175,39.02,58.0,476.2,23.44,27.1,57.4,24.2,Healthy,0
COW_25,2025-06-26,232,38.42,48.7,499.5,21.82,28.0,48.9,24.2,Healthy,0
COW_26,2025-06-26,112,38.79,50.3,480.3,23.8,27.3,59.7,24.5,Healthy,0
COW_27,2025-06-26,50,38.58,61.1,566.4,33.41,26.6,62.3,24.1,Healthy,0
COW_28,2025-06-26,206,38.84,54.8,493.8,19.97,25.3,63.2,23.1,Healthy,0
COW_29,2025-06-26,116,38.72,62.5,482.6,26.43,26.4,67.2,24.3,Healthy,0
COW_30,2025-06-26,199,38.87,69.8,519.0,27.93,26.3,56.5,23.5,Healthy,0
COW_01,2025-06-27,52,38.66,56.9,434.0,31.35,29.2,68.1,26.6,Healthy,0
COW_02,2025-06-27,220,38.5,49.7,528.8,28.47,26.4,61.4,23.9,Healthy,0
COW_03,2025-06-27,77,38.65,58.7,474.6,28.1,28.5,52.7,24.9,Healthy,0
COW_04,2025-06-27,74,38.65,58.9,499.3,21.26,28.8,70.2,26.4,Healthy,0
COW_05,2025-06-27,135,38.27,39.4,485.5,19.14,28.2,73.7,26.2,Healthy,0
COW_06,2025-06-27,214,38.55,61.3,480.2,24.44,25.9,79.2,24.6,Healthy,0
COW_07,2025-06-27,239,38.69,62.3,557.2,33.93,24.1,69.0,22.5,Healthy,0
COW_08,2025-06-27,202,38.72,54.3,508.4,35.3,26.5,50.8,23.3,Healthy,0
COW_09,2025-06-27,206,38.58,60.6,494.7,34.06,26.6,66.9,24.4,Healthy,0
COW_10,2025-06-27,267,38.49,65.7,492.4,25.17,28.7,47.9,24.6,Healthy,0
COW_11,2025-06-27,165,38.95,45.9,454.6,30.8,25.7,64.3,23.5,Healthy,0
COW_12,2025-06-27,66,38.63,65.3,472.0,20.4,27.8,72.1,25.8,Healthy,0
COW_13,2025-06-27,155,38.56,52.5,392.5,27.01,28.9,62.2,25.9,Healthy,0
COW_14,2025-06-27,136,38.58,48.4,452.1,36.97,29.9,67.8,27.1,Healthy,0
COW_15,2025-06-27,204,38.74,56.8,518.0,28.19,29.4,71.1,27.0,Healthy,0
COW_16,2025-06-27,99,38.65,67.6,463.1,31.26,30.6,62.0,27.3,Healthy,0
COW_17,2025-06-27,75,38.41,47.9,515.1,27.61,29.1,60.7,25.9,Healthy,0
COW_18,2025-06-27,58,38.41,66.3,498.3,29.32,26.3,62.5,23.8,Healthy,0
COW_19,2025-06-27,82,38.56,49.7,513.7,35.26,27.6,55.1,24.4,Healthy,0
COW_20,2025-06-27,253,38.76,46.5,449.6,37.41,27.5,61.5,24.7,Healthy,0
COW_21,2025-06-27,113,38.7,55.9,496.3,22.57,28.4,53.0,24.8,Healthy,0
COW_22,2025-06-27,232,38.66,40.9,497.9,21.56,30.1,55.8,26.3,Healthy,0
COW_23,2025-06-27,46,38.53,55.6,481.4,35.14,28.1,59.6,25.1,Healthy,0
COW_24,2025-06-27,176,39.12,61.0,441.6,24.9,27.9,62.4,25.1,Healthy,0
COW_25,2025-06-27,233,38.47,56.6,477.7,18.5,28.1,67.9,25.7,Healthy,0
COW_26,2025-06-27,113,38.79,48.0,485.5,23.56,27.4,60.1,24.5,Healthy,0
COW_27,2025-06-27,51,38.36,64.0,542.5,33.39,28.8,71.7,26.5,Healthy,0
COW_28,2025-06-27,207,38.84,47.8,479.4,17.13,29.9,64.4,26.8,Healthy,0
COW_29,2025-06-27,117,38.77,57.7,460.6,27.84,28.2,73.3,26.1,Healthy,0
COW_30,2025-06-27,200,38.99,57.0,490.8,32.51,27.8,70.6,25.6,Healthy,0
COW_01,2025-06-28,53,38.43,60.8,411.6,33.37,27.2,55.2,24.1,Healthy,0
COW_02,2025-06-28,221,38.53,40.6,514.9,28.2,29.6,45.8,25.1,Healthy,0
COW_03,2025-06-28,78,38.72,54.0,482.5,31.77,26.9,81.5,25.7,Healthy,0
COW_04,2025-06-28,75,38.75,66.8,522.8,21.95,28.4,60.0,25.4,Healthy,0
COW_05,2025-06-28,136,38.22,48.5,483.4,18.86,25.7,69.0,23.8,Healthy,0
COW_06,2025-06-28,215,38.63,66.8,486.2,23.74,27.8,59.7,24.9,Healthy,0
COW_07,2025-06-28,240,38.65,63.0,532.0,34.05,29.1,52.7,25.3,Healthy,0
COW_08,2025-06-28,203,38.58,53.1,536.9,33.63,27.6,71.0,25.5,Healthy,0
COW_09,2025-06-28,207,38.7,64.9,504.4,36.43,29.0,59.7,25.8,Healthy,0
COW_10,2025-06-28,268,38.5,65.9,484.4,26.38,29.2,72.8,27.0,Healthy,0
COW_11,2025-06-28,166,38.93,55.9,460.7,27.55,27.7,86.9,26.8,Healthy,0
COW_12,2025-06-28,67,38.69,53.0,451.6,21.23,28.7,63.9,25.9,Healthy,0
COW_13,2025-06-28,156,38.6,57.7,448.4,27.28,28.6,69.0,26.2,Healthy,0
COW_14,2025-06-28,137,38.6,56.4,471.4,32.89,27.8,50.4,24.1,Healthy,0
COW_15,2025-06-28,205,38.98,44.7,524.4,29.28,25.6,59.8,23.1,Healthy,0
COW_16,2025-06-28,100,38.52,61.4,424.4,34.36,29.9,69.8,27.4,Healthy,0
COW_17,2025-06-28,76,38.63,53.8,492.5,27.1,26.1,80.9,24.9,Healthy,0
COW_18,2025-06-28,59,38.37,64.4,492.4,28.99,30.7,64.2,27.5,Healthy,0
COW_19,2025-06-28,83,38.75,61.3,497.0,34.69,30.2,62.1,26.9,Healthy,0
COW_20,2025-06-28,254,39.06,45.2,477.8,36.7,27.2,69.9,25.1,Healthy,0
COW_21,2025-06-28,114,38.34,58.5,490.9,23.54,27.1,76.9,25.5,Healthy,0
COW_22,2025-06-28,233,38.44,40.8,464.3,19.39,28.8,65.0,26.1,Healthy,0
COW_23,2025-06-28,47,38.55,51.8,518.1,32.88,28.1,69.6,25.8,Healthy,0
COW_24,2025-06-28,177,38.89,45.9,450.0,25.48,29.4,75.5,27.4,Healthy,0
COW_25,2025-06-28,234,38.66,51.0,441.2,20.24,26.2,70.9,24.4,Healthy,0
COW_26,2025-06-28,114,38.99,50.9,491.3,23.77,26.3,61.5,23.8,Healthy,0
COW_27,2025-06-28,52,38.35,59.3,568.0,33.79,29.9,58.4,26.4,Healthy,0
COW_28,2025-06-28,208,38.49,42.6,468.7,19.57,28.2,61.0,25.2,Healthy,0
COW_29,2025-06-28,118,38.93,61.2,460.7,28.01,28.6,85.8,27.5,Healthy,0
COW_30,2025-06-28,201,38.94,56.1,503.1,28.24,29.9,60.3,26.5,Healthy,0
COW_01,2025-06-29,54,38.32,61.9,445.2,32.94,27.8,67.3,25.4,Healthy,0
COW_02,2025-06-29,222,38.41,40.0,492.9,29.38,27.7,63.0,25.0,Healthy,0
COW_03,2025-06-29,79,38.66,47.1,485.8,27.78,26.8,68.2,24.7,Healthy,0
COW_04,2025-06-29,76,38.69,56.2,525.3,23.06,27.6,74.5,25.8,Healthy,0
COW_05,2025-06-29,137,38.15,46.8,460.9,19.24,27.8,74.4,25.9,Healthy,0
COW_06,2025-06-29,216,38.62,69.2,462.6,22.31,28.1,64.4,25.5,Healthy,0
COW_07,2025-06-29,241,38.67,66.3,524.1,32.05,28.9,74.0,26.9,Healthy,0
COW_08,2025-06-29,204,38.52,45.3,496.9,34.5,29.6,55.4,25.9,Healthy,0
COW_09,2025-06-29,208,38.56,52.7,473.9,36.5,28.2,70.5,26.0,Healthy,0
COW_10,2025-06-29,269,38.66,64.6,500.4,28.23,28.3,65.7,25.7,Healthy,0
COW_11,2025-06-29,167,38.98,42.6,468.3,29.94,25.9,62.2,23.5,Healthy,0
COW_12,2025-06-29,68,38.57,61.6,469.3,21.5,30.5,61.9,27.2,Healthy,0
COW_13,2025-06-29,157,38.67,48.4,422.2,29.0,30.3,66.9,27.4,Healthy,0
COW_14,2025-06-29,138,38.72,62.5,455.7,30.95,28.9,57.8,25.5,Healthy,0
COW_15,2025-06-29,206,38.76,54.4,545.0,31.27,26.7,69.2,24.7,Healthy,0
COW_16,2025-06-29,101,38.52,75.5,445.1,31.66,30.1,70.3,27.6,Healthy,0
COW_17,2025-06-29,77,38.54,57.8,495.4,26.12,27.6,73.8,25.7,Healthy,0
COW_18,2025-06-29,60,38.52,72.7,431.9,29.51,27.9,76.9,26.2,Healthy,0
COW_19,2025-06-29,84,38.48,46.7,487.8,34.24,27.0,71.0,25.0,Healthy,0
COW_20,2025-06-29,255,39.02,43.0,490.2,37.32,28.3,67.0,25.8,Healthy,0
COW_21,2025-06-29,115,38.56,58.7,493.3,25.41,27.5,59.8,24.6,Healthy,0
COW_22,2025-06-29,234,38.54,41.9,476.2,23.94,26.8,54.4,23.7,Healthy,0
COW_23,2025-06-29,48,38.5,55.4,502.5,30.85,28.3,64.6,25.6,Healthy,0
COW_24,2025-06-29,178,38.88,67.6,432.6,26.6,27.1,55.5,24.0,Healthy,0
COW_25,2025-06-29,235,38.26,52.1,496.2,21.74,29.3,51.9,25.4,Healthy,0
COW_26,2025-06-29,115,38.8,42.6,502.8,22.79,27.4,60.5,24.6,Healthy,0
COW_27,2025-06-29,53,38.33,63.8,553.0,31.08,27.7,74.8,25.9,Healthy,0
COW_28,2025-06-29,209,38.74,47.6,503.8,19.23,32.5,60.5,28.6,Healthy,0
COW_29,2025-06-29,119,38.82,62.4,472.6,26.31,27.6,67.4,25.2,Healthy,0
COW_30,2025-06-29,202,38.84,53.6,473.3,28.87,24.3,63.1,22.3,Healthy,0
COW_01,2025-06-30,55,38.57,62.1,415.3,34.36,28.6,77.3,26.9,Healthy,0
COW_02,2025-06-30,223,38.47,49.4,490.2,30.07,29.0,68.1,26.4,Healthy,0
COW_03,2025-06-30,80,38.74,50.4,499.6,31.13,30.1,69.2,27.5,Healthy,0
COW_04,2025-06-30,77,38.47,49.1,513.0,22.6,28.4,54.4,24.9,Healthy,0
COW_05,2025-06-30,138,38.38,40.1,475.7,21.07,28.8,61.9,25.8,Healthy,0
COW_06,2025-06-30,217,38.43,59.5,470.9,19.59,28.3,61.2,25.3,Healthy,0
COW_07,2025-06-30,242,38.71,53.0,543.9,31.97,28.4,57.9,25.2,Healthy,0
COW_08,2025-06-30,205,38.54,48.9,532.4,35.64,26.9,52.1,23.7,Healthy,0
COW_09,2025-06-30,209,38.63,58.0,501.0,35.94,28.6,59.2,25.4,Healthy,0
COW_10,2025-06-30,270,38.5,54.1,469.8,26.71,28.3,76.5,26.6,Healthy,0
COW_11,2025-06-30,168,38.91,37.3,442.2,31.07,27.4,68.2,25.1,Healthy,0
COW_12,2025-06-30,69,38.74,57.5,500.2,18.99,27.0,68.4,24.8,Healthy,0
COW_13,2025-06-30,158,38.49,60.7,442.1,27.18,28.5,74.4,26.5,Healthy,0
COW_14,2025-06-30,139,38.54,55.3,458.3,33.4,27.0,66.0,24.7,Healthy,0
COW_15,2025-06-30,207,38.9,56.3,526.6,28.69,30.5,73.8,28.2,Healthy,0
COW_16,2025-06-30,102,38.83,67.6,444.4,31.14,25.2,62.8,23.0,Healthy,0
COW_17,2025-06-30,78,38.49,50.2,505.8,28.45,30.5,67.8,27.6,Healthy,0
COW_18,2025-06-30,61,38.62,63.8,490.6,28.81,26.6,66.6,24.4,Healthy,0
COW_19,2025-06-30,85,38.55,57.3,486.6,36.52,30.9,62.2,27.5,Healthy,0
COW_20,2025-06-30,256,38.91,36.1,461.9,36.38,27.4,67.7,25.1,Healthy,0
COW_21,2025-06-30,116,38.46,64.4,490.7,23.51,32.7,67.6,29.4,Healthy,0
COW_22,2025-06-30,235,38.66,42.8,515.7,20.68,29.3,73.7,27.1,Healthy,0
COW_23,2025-06-30,49,38.58,54.7,502.3,35.19,26.2,62.3,23.8,Healthy,0
COW_24,2025-06-30,179,38.88,70.5,451.8,27.7,26.9,73.4,25.1,Healthy,0
COW_25,2025-06-30,236,38.37,61.5,476.3,21.89,26.3,65.8,24.1,Healthy,0
COW_26,2025-06-30,116,39.13,45.5,466.0,21.15,29.1,75.7,27.2,Healthy,0
COW_27,2025-06-30,54,38.4,71.5,548.5,33.85,26.2,65.3,23.9,Healthy,0
COW_28,2025-06-30,210,38.57,42.1,484.7,17.19,28.4,49.8,24.6,Healthy,0
COW_29,2025-06-30,120,38.84,64.7,472.9,25.76,27.5,54.4,24.2,Healthy,0
COW_30,2025-06-30,203,38.84,63.0,493.6,28.45,27.3,63.1,24.7,Healthy,0
COW_01,2025-07-01,56,38.46,54.9,400.9,35.18,30.6,63.6,27.4,Healthy,0
COW_02,2025-07-01,224,38.54,49.9,535.9,28.88,27.5,59.0,24.6,Healthy,0
COW_03,2025-07-01,81,38.82,44.1,480.0,28.09,28.2,60.4,25.2,Healthy,0
COW_04,2025-07-01,78,38.69,69.2,513.4,22.77,27.3,61.8,24.6,Healthy,0
COW_05,2025-07-01,139,38.37,35.7,489.1,16.52,29.1,66.0,26.4,Healthy,0
COW_06,2025-07-01,218,38.69,64.4,472.3,22.9,28.2,70.9,26.0,Healthy,0
COW_07,2025-07-01,243,38.6,60.6,530.6,33.49,28.9,61.4,25.8,Healthy,0
COW_08,2025-07-01,206,38.42,51.7,513.0,33.29,25.3,79.0,24.0,Healthy,0
COW_09,2025-07-01,210,38.62,60.2,482.6,36.08,27.1,60.8,24.4,Healthy,0
COW_10,2025-07-01,271,38.52,65.2,500.3,26.78,28.9,63.1,26.0,Healthy,0
COW_11,2025-07-01,169,38.77,50.2,441.6,33.52,25.4,56.3,22.8,Healthy,0
COW_12,2025-07-01,70,38.62,64.5,441.1,22.14,29.7,70.6,27.3,Healthy,0
COW_13,2025-07-01,159,38.71,60.7,429.7,27.64,28.8,64.1,26.0,Healthy,0
COW_14,2025-07-01,140,38.56,46.7,449.5,34.65,27.7,53.7,24.4,Healthy,0
COW_15,2025-07-01,208,38.74,58.3,534.0,28.71,29.7,66.5,26.9,Healthy,0
COW_16,2025-07-01,103,38.73,69.4,450.7,30.57,28.3,73.1,26.3,Healthy,0
COW_17,2025-07-01,79,38.61,58.2,486.2,26.26,26.4,54.3,23.4,Healthy,0
COW_18,2025-07-01,62,38.51,77.2,477.1,29.51,29.4,73.7,27.2,Healthy,0
COW_19,2025-07-01,86,38.63,47.7,520.3,35.7,29.6,64.0,26.6,Healthy,0
COW_20,2025-07-01,257,38.9,46.2,473.2,36.3,25.9,79.3,24.6,Healthy,0
COW_21,2025-07-01,117,38.48,55.6,469.8,22.23,27.4,60.3,24.6,Healthy,0
COW_22,2025-07-01,236,38.53,40.1,496.2,22.33,25.9,56.0,23.1,Healthy,0
COW_23,2025-07-01,50,38.64,56.9,505.3,37.31,28.9,74.0,26.9,Healthy,0
COW_24,2025-07-01,180,38.84,64.7,452.4,26.44,28.4,59.1,25.3,Healthy,0
COW_25,2025-07-01,237,38.42,60.2,515.7,22.46,27.0,44.7,23.2,Healthy,0
COW_26,2025-07-01,117,38.77,55.2,508.1,23.27,27.6,66.4,25.2,Healthy,0
COW_27,2025-07-01,55,38.52,52.3,603.4,32.97,27.3,72.8,25.3,Healthy,0
COW_28,2025-07-01,211,38.68,40.4,482.2,20.68,31.5,56.4,27.4,Healthy,0
COW_29,2025-07-01,121,38.96,56.2,482.8,26.87,28.5,64.1,25.7,Healthy,0
COW_30,2025-07-01,204,39.04,54.9,476.4,27.82,25.8,67.5,23.8,Healthy,0
COW_01,2025-07-02,57,38.41,68.3,404.9,31.36,29.0,61.8,25.9,Healthy,0
COW_02,2025-07-02,225,38.39,42.2,492.0,28.91,28.5,65.4,25.8,Healthy,0
COW_03,2025-07-02,82,38.67,62.9,482.2,30.01,27.6,65.6,25.2,Healthy,0
COW_04,2025-07-02,79,38.48,60.4,513.7,20.15,27.0,55.7,24.0,Healthy,0
COW_05,2025-07-02,140,38.63,38.1,481.7,21.86,29.8,59.4,26.4,Healthy,0
COW_06,2025-07-02,219,38.51,71.8,447.5,23.94,29.4,70.3,26.9,Healthy,0
COW_07,2025-07-02,244,38.82,64.2,522.9,33.16,25.5,67.3,23.5,Healthy,0
COW_08,2025-07-02,207,38.56,51.1,535.7,35.2,27.6,63.7,25.0,Healthy,0
COW_09,2025-07-02,211,38.47,63.1,508.7,36.81,30.9,63.5,27.6,Healthy,0
COW_10,2025-07-02,272,38.66,63.4,466.3,27.37,30.5,63.6,27.3,Healthy,0
COW_11,2025-07-02,170,38.94,54.9,464.1,31.9,28.0,56.8,24.8,Healthy,0
COW_12,2025-07-02,71,38.48,61.8,469.6,21.68,28.3,66.8,25.8,Healthy,0
COW_13,2025-07-02,160,38.54,51.7,448.5,26.01,27.3,65.8,24.9,Healthy,0
COW_14,2025-07-02,141,38.7,38.5,447.8,33.21,28.2,69.5,25.9,Healthy,0
COW_15,2025-07-02,209,38.86,54.9,490.4,28.11,27.0,55.5,23.9,Healthy,0
COW_16,2025-07-02,104,38.65,67.2,438.4,33.36,23.3,68.1,21.7,Healthy,0
COW_17,2025-07-02,80,38.63,56.0,504.7,23.81,31.1,57.8,27.2,Healthy,0
COW_18,2025-07-02,63,38.6,76.6,481.1,29.46,29.8,64.3,26.8,Healthy,0
COW_19,2025-07-02,87,38.65,58.9,490.7,38.06,26.8,71.2,24.9,Healthy,0
COW_20,2025-07-02,258,38.88,41.9,458.1,35.32,30.3,76.1,28.2,Healthy,0
COW_21,2025-07-02,118,38.47,64.6,488.9,22.49,29.1,68.8,26.6,Healthy,0
COW_22,2025-07-02,237,38.33,46.8,481.2,21.22,25.4,56.2,22.8,Healthy,0
COW_23,2025-07-02,51,38.54,49.5,493.7,34.25,28.6,68.2,26.1,Healthy,0
COW_24,2025-07-02,181,38.99,72.2,440.4,22.7,28.7,62.4,25.8,Healthy,0
COW_25,2025-07-02,238,38.36,62.1,459.4,21.18,29.0,76.9,27.1,Healthy,0
COW_26,2025-07-02,118,38.92,50.8,486.9,23.29,31.0,67.0,28.0,Healthy,0
COW_27,2025-07-02,56,38.71,65.4,543.0,34.04,25.2,72.2,23.5,Healthy,0
COW_28,2025-07-02,212,38.65,43.6,474.8,18.7,29.2,61.1,26.1,Healthy,0
COW_29,2025-07-02,122,38.71,54.1,494.2,26.62,29.7,76.1,27.7,Healthy,0
COW_30,2025-07-02,205,38.91,65.4,502.8,33.11,27.9,62.9,25.1,Healthy,0
COW_01,2025-07-03,58,38.44,60.2,426.5,34.81,28.1,70.2,25.9,Healthy,0
COW_02,2025-07-03,226,38.41,52.9,516.4,28.77,27.0,69.4,24.9,Healthy,0
COW_03,2025-07-03,83,38.68,55.7,502.2,31.86,28.4,69.7,26.1,Healthy,0
COW_04,2025-07-03,80,38.59,59.4,469.8,23.43,29.1,63.0,26.1,Healthy,0
COW_05,2025-07-03,141,38.42,43.6,487.5,18.11,27.8,52.2,24.3,Healthy,0
COW_06,2025-07-03,220,38.75,63.0,441.7,22.01,28.9,69.0,26.5,Healthy,0
COW_07,2025-07-03,245,38.68,51.0,525.3,33.11,30.3,51.4,26.1,Healthy,0
COW_08,2025-07-03,208,38.43,60.5,529.5,33.64,28.6,56.9,25.3,Healthy,0
COW_09,2025-07-03,212,38.88,55.7,496.5,35.4,28.5,71.7,26.3,Healthy,0
COW_10,2025-07-03,273,38.57,62.9,468.6,27.9,25.9,60.0,23.4,Healthy,0
COW_11,2025-07-03,171,38.85,40.6,440.2,31.66,26.3,67.6,24.2,Healthy,0
COW_12,2025-07-03,72,38.57,58.0,451.6,19.51,26.4,59.0,23.7,Healthy,0
COW_13,2025-07-03,161,38.72,54.8,419.1,26.9,30.4,42.5,25.4,Healthy,0
COW_14,2025-07-03,142,38.72,48.7,463.3,34.43,25.4,80.2,24.2,Healthy,0
COW_15,2025-07-03,210,38.99,56.9,520.2,27.39,28.4,72.9,26.3,Healthy,0
COW_16,2025-07-03,105,38.87,58.9,446.8,32.05,27.3,73.3,25.4,Healthy,0
COW_17,2025-07-03,81,38.75,47.3,491.3,24.4,28.5,56.2,25.1,Healthy,0
COW_18,2025-07-03,64,38.53,78.1,496.3,29.19,27.3,76.7,25.6,Healthy,0
COW_19,2025-07-03,88,38.55,57.3,490.6,36.49,26.3,67.0,24.2,Healthy,0
COW_20,2025-07-03,259,38.94,41.8,472.5,36.16,27.7,67.7,25.3,Healthy,0
COW_21,2025-07-03,119,38.64,60.0,486.4,23.83,29.1,66.3,26.4,Healthy,0
COW_22,2025-07-03,238,38.54,40.5,486.9,22.34,31.3,64.8,28.1,Healthy,0
COW_23,2025-07-03,52,38.55,52.6,495.7,34.27,29.2,57.0,25.7,Healthy,0
COW_24,2025-07-03,182,38.89,66.3,442.3,25.05,27.8,76.8,26.1,Healthy,0
COW_25,2025-07-03,239,38.51,52.3,475.9,20.79,27.1,68.3,24.9,Healthy,0
COW_26,2025-07-03,119,38.92,51.5,501.1,23.71,29.3,70.7,26.9,Healthy,0
COW_27,2025-07-03,57,38.37,55.8,561.0,34.38,27.6,77.2,25.9,Healthy,0
COW_28,2025-07-03,213,38.89,49.3,472.7,19.22,26.7,71.4,24.8,Healthy,0
COW_29,2025-07-03,123,38.75,61.1,469.0,24.72,27.7,69.7,25.5,Healthy,0
COW_30,2025-07-03,206,38.76,62.5,489.0,30.49,26.2,67.8,24.2,Healthy,0
COW_01,2025-07-04,59,38.24,60.8,408.8,30.87,26.6,62.3,24.1,Healthy,0
COW_02,2025-07-04,227,38.51,41.2,504.3,29.4,26.5,66.5,24.3,Healthy,0
COW_03,2025-07-04,84,38.57,53.1,498.8,30.69,28.2,72.1,26.1,Healthy,0
COW_04,2025-07-04,81,38.44,54.2,519.5,18.35,27.4,55.6,24.2,Healthy,0
COW_05,2025-07-04,142,38.41,45.8,479.9,16.74,29.4,67.9,26.7,Healthy,0
COW_06,2025-07-04,221,38.57,61.2,473.9,21.66,29.6,87.9,28.6,Healthy,0
COW_07,2025-07-04,246,38.57,68.4,553.7,33.34,26.9,69.9,24.9,Healthy,0
COW_08,2025-07-04,209,38.63,44.0,528.7,35.93,28.5,65.8,25.8,Healthy,0
COW_09,2025-07-04,213,38.57,65.7,496.3,36.41,26.5,68.3,24.4,Healthy,0
COW_10,2025-07-04,274,38.63,62.0,479.6,27.8,27.8,65.1,25.2,Healthy,0
COW_11,2025-07-04,172,38.77,48.1,452.1,33.16,28.4,74.9,26.4,Healthy,0
COW_12,2025-07-04,73,38.6,54.6,454.4,21.53,26.9,76.7,25.3,Healthy,0
COW_13,2025-07-04,162,38.42,70.6,437.9,26.06,27.8,65.5,25.3,Healthy,0
COW_14,2025-07-04,143,38.46,54.3,460.3,34.55,27.1,71.6,25.2,Healthy,0
COW_15,2025-07-04,211,38.76,54.3,533.7,25.33,27.8,61.6,25.0,Healthy,0
COW_16,2025-07-04,106,38.66,67.2,462.3,32.09,32.6,66.2,29.3,Healthy,0
COW_17,2025-07-04,82,38.44,47.7,515.1,28.77,30.6,59.5,27.0,Healthy,0
COW_18,2025-07-04,65,38.61,71.1,467.1,29.7,27.8,59.7,24.9,Healthy,0
COW_19,2025-07-04,89,38.6,52.8,496.7,36.62,27.0,64.0,24.5,Healthy,0
COW_20,2025-07-04,260,38.85,43.6,466.3,36.95,26.9,70.7,24.9,Healthy,0
COW_21,2025-07-04,120,38.59,64.3,477.3,23.42,28.5,60.1,25.4,Healthy,0
COW_22,2025-07-04,239,38.7,39.7,460.0,20.94,25.5,65.1,23.4,Healthy,0
COW_23,2025-07-04,53,38.65,51.2,505.5,32.89,30.2,61.7,26.9,Healthy,0
COW_24,2025-07-04,183,38.9,57.3,431.2,25.66,26.2,52.5,23.1,Healthy,0
COW_25,2025-07-04,240,38.55,65.0,481.4,23.46,26.3,69.2,24.3,Healthy,0
COW_26,2025-07-04,120,38.86,45.3,502.8,23.45,27.4,86.4,26.5,Healthy,0
COW_27,2025-07-04,58,38.6,63.0,542.6,36.26,26.7,78.9,25.3,Healthy,0
COW_28,2025-07-04,214,38.5,40.5,479.0,20.79,29.7,76.0,27.7,Healthy,0
COW_29,2025-07-04,124,38.74,57.3,465.7,29.62,25.1,69.0,23.3,Healthy,0
COW_30,2025-07-04,207,38.91,59.7,477.0,31.3,31.0,56.1,27.0,Healthy,0
COW_01,2025-07-05,60,38.54,54.4,421.9,31.98,27.3,73.0,25.4,Healthy,0
COW_02,2025-07-05,228,38.34,55.1,524.1,28.63,28.3,45.7,24.2,Healthy,0
COW_03,2025-07-05,85,38.73,59.5,489.1,28.86,28.3,41.6,23.9,Healthy,0
COW_04,2025-07-05,82,38.77,55.8,507.1,23.36,30.5,63.4,27.3,Healthy,0
COW_05,2025-07-05,143,38.32,42.2,460.8,17.62,27.0,74.8,25.2,Healthy,0
COW_06,2025-07-05,222,38.6,69.7,455.0,20.78,26.9,56.3,23.9,Healthy,0
COW_07,2025-07-05,247,38.49,53.5,529.1,36.78,27.1,65.8,24.8,Healthy,0
COW_08,2025-07-05,210,38.48,47.0,512.5,33.66,30.0,64.1,26.9,Healthy,0
COW_09,2025-07-05,214,38.57,53.8,481.0,40.01,27.4,53.3,24.1,Healthy,0
COW_10,2025-07-05,275,38.59,56.5,484.8,26.66,25.4,57.6,22.9,Healthy,0
COW_11,2025-07-05,173,38.82,46.9,444.7,30.43,27.4,59.2,24.5,Healthy,0
COW_12,2025-07-05,74,38.55,52.6,458.4,18.03,26.6,72.8,24.8,Healthy,0
COW_13,2025-07-05,163,38.6,66.2,434.9,26.91,29.0,59.4,25.7,Healthy,0
COW_14,2025-07-05,144,38.45,51.9,446.0,33.12,28.4,73.6,26.4,Healthy,0
COW_15,2025-07-05,212,38.83,51.8,522.7,31.12,27.3,67.3,25.0,Healthy,0
COW_16,2025-07-05,107,38.63,57.9,442.2,33.78,25.8,47.7,22.5,Healthy,0
COW_17,2025-07-05,83,38.57,48.1,498.4,26.92,28.5,73.1,26.4,Healthy,0
COW_18,2025-07-05,66,38.54,70.8,466.3,30.56,29.7,72.8,27.4,Healthy,0
COW_19,2025-07-05,90,38.49,67.2,513.4,36.83,29.5,49.2,25.3,Healthy,0
COW_20,2025-07-05,261,38.8,39.5,455.3,34.44,29.3,57.2,25.8,Healthy,0
COW_21,2025-07-05,121,38.53,54.8,477.0,20.64,26.8,67.1,24.6,Healthy,0
COW_22,2025-07-05,240,38.51,34.1,511.2,20.66,25.3,72.2,23.7,Healthy,0
COW_23,2025-07-05,54,38.59,57.5,485.3,33.07,27.4,60.9,24.6,Healthy,0
COW_24,2025-07-05,184,38.97,66.9,443.6,25.89,28.1,69.8,25.8,Healthy,0
COW_25,2025-07-05,241,38.46,56.3,485.2,21.81,31.4,76.4,29.2,Healthy,0
COW_26,2025-07-05,121,38.68,53.6,484.1,23.75,31.6,57.3,27.6,Healthy,0
COW_27,2025-07-05,59,38.73,62.4,576.5,29.09,27.5,73.8,25.6,Healthy,0
COW_28,2025-07-05,215,38.72,46.8,499.8,18.05,25.0,68.5,23.2,Healthy,0
COW_29,2025-07-05,125,38.77,55.8,464.1,27.45,28.9,66.5,26.2,Healthy,0
COW_30,2025-07-05,208,38.96,44.6,497.2,26.71,27.0,54.5,23.9,Healthy,0
COW_01,2025-07-06,61,38.5,67.7,419.2,31.66,27.3,66.9,25.0,Healthy,0
COW_02,2025-07-06,229,38.37,47.0,489.2,30.08,30.7,55.6,26.7,Healthy,0
COW_03,2025-07-06,86,38.72,35.3,458.9,30.07,28.4,55.7,25.0,Healthy,0
COW_04,2025-07-06,83,38.73,51.7,518.9,21.37,26.8,64.8,24.4,Healthy,0
COW_05,2025-07-06,144,38.33,46.8,475.2,19.53,27.4,72.0,25.5,Healthy,0
COW_06,2025-07-06,223,38.42,75.4,466.5,24.07,27.2,63.6,24.7,Healthy,0
COW_07,2025-07-06,248,38.83,73.4,524.7,34.43,30.4,52.8,26.3,Healthy,0
COW_08,2025-07-06,211,38.4,44.7,537.7,35.34,28.5,62.9,25.6,Healthy,0
COW_09,2025-07-06,215,38.51,56.6,500.9,36.83,28.7,59.8,25.5,Healthy,0
COW_10,2025-07-06,276,38.68,62.1,464.3,24.82,27.5,77.5,25.9,Healthy,0
COW_11,2025-07-06,174,38.77,39.6,424.3,29.47,28.6,52.2,24.9,Healthy,0
COW_12,2025-07-06,75,38.4,60.3,473.8,20.23,28.1,74.0,26.1,Healthy,0
COW_13,2025-07-06,164,38.42,48.2,405.6,26.38,25.9,67.5,23.9,Healthy,0
COW_14,2025-07-06,145,38.57,56.1,455.2,32.8,27.3,62.6,24.6,Healthy,0
COW_15,2025-07-06,213,39.04,51.6,547.8,28.24,30.3,71.0,27.8,Healthy,0
COW_16,2025-07-06,108,38.61,73.3,451.0,31.56,24.9,68.6,23.1,Healthy,0
COW_17,2025-07-06,84,38.64,50.4,518.5,27.63,27.2,59.3,24.3,Healthy,0
COW_18,2025-07-06,67,38.5,73.3,473.1,27.35,28.7,66.2,26.0,Healthy,0
COW_19,2025-07-06,91,38.34,53.5,476.8,36.06,28.0,72.4,25.9,Healthy,0
COW_20,2025-07-06,262,38.83,48.6,454.7,35.77,26.1,71.7,24.3,Healthy,0
COW_21,2025-07-06,122,38.74,59.4,445.4,23.79,26.8,68.6,24.7,Healthy,0
COW_22,2025-07-06,241,38.51,49.3,474.1,20.66,28.2,69.7,25.9,Healthy,0
COW_23,2025-07-06,55,38.53,60.0,489.4,34.03,28.1,53.8,24.7,Healthy,0
COW_24,2025-07-06,185,38.96,50.5,445.5,26.23,27.0,65.3,24.6,Healthy,0
COW_25,2025-07-06,242,38.65,58.1,501.3,19.58,29.7,57.1,26.1,Healthy,0
COW_26,2025-07-06,122,38.76,48.7,484.3,24.88,26.9,70.2,24.8,Healthy,0
COW_27,2025-07-06,60,38.62,53.7,556.7,29.91,28.3,49.9,24.5,Healthy,0
COW_28,2025-07-06,216,38.56,46.9,489.7,20.14,29.1,71.7,26.8,Healthy,0
COW_29,2025-07-06,126,38.9,65.3,480.5,25.63,28.4,69.0,26.0,Healthy,0
COW_30,2025-07-06,209,38.87,63.2,459.4,28.97,26.9,77.6,25.4,Healthy,0
COW_01,2025-07-07,62,38.46,55.6,422.8,33.05,31.3,80.0,29.4,Healthy,0
COW_02,2025-07-07,230,38.4,49.6,529.5,27.18,27.9,79.6,26.4,Healthy,0
COW_03,2025-07-07,87,38.61,60.4,477.5,32.76,27.5,68.3,25.2,Healthy,0
COW_04,2025-07-07,84,38.53,60.3,515.5,22.95,25.1,64.0,23.0,Healthy,0
COW_05,2025-07-07,145,38.34,9.0,435.2,16.03,25.6,68.3,23.7,Lameness,0
COW_06,2025-07-07,224,38.66,66.7,470.3,23.2,27.0,53.7,23.8,Healthy,0
COW_07,2025-07-07,249,38.82,57.7,534.9,34.09,26.1,57.1,23.3,Healthy,0
COW_08,2025-07-07,212,38.53,44.1,517.3,35.79,28.8,57.1,25.4,Healthy,0
COW_09,2025-07-07,216,38.61,52.4,483.4,34.62,25.7,73.5,24.1,Healthy,0
COW_10,2025-07-07,277,38.51,66.7,489.4,27.84,25.5,72.5,23.8,Healthy,0
COW_11,2025-07-07,175,38.76,55.6,449.8,31.54,28.5,70.3,26.2,Healthy,0
COW_12,2025-07-07,76,38.53,59.1,441.1,20.07,26.3,67.7,24.2,Healthy,0
COW_13,2025-07-07,165,38.4,41.2,413.4,27.01,26.6,77.2,25.1,Healthy,0
COW_14,2025-07-07,146,38.54,54.4,458.0,31.75,25.0,68.4,23.2,Healthy,0
COW_15,2025-07-07,214,38.87,54.0,511.3,28.35,28.9,64.9,26.1,Healthy,0
COW_16,2025-07-07,109,38.68,57.5,467.4,33.21,29.2,69.7,26.8,Healthy,0
COW_17,2025-07-07,85,38.49,63.3,508.1,27.96,27.1,84.6,26.0,Healthy,0
COW_18,2025-07-07,68,38.79,76.8,482.6,29.58,27.8,57.0,24.6,Healthy,0
COW_19,2025-07-07,92,38.48,57.5,497.7,36.94,26.7,76.1,25.1,Healthy,0
COW_20,2025-07-07,263,38.98,46.0,471.3,36.16,26.7,58.5,23.9,Healthy,0
COW_21,2025-07-07,123,38.61,55.6,482.9,22.8,29.5,64.8,26.6,Healthy,0
COW_22,2025-07-07,242,38.66,43.4,493.0,22.59,27.8,63.9,25.2,Healthy,0
COW_23,2025-07-07,56,38.62,47.4,507.8,32.42,27.5,54.6,24.3,Healthy,0
COW_24,2025-07-07,186,38.98,63.9,471.7,27.14,27.3,63.4,24.8,Healthy,0
COW_25,2025-07-07,243,38.48,57.1,493.3,20.0,26.7,65.8,24.4,Healthy,0
COW_26,2025-07-07,123,38.7,39.8,493.6,21.2,29.8,52.8,25.8,Healthy,0
COW_27,2025-07-07,61,38.64,65.7,553.9,34.5,27.2,66.9,24.9,Healthy,0
COW_28,2025-07-07,217,38.68,45.0,489.5,18.88,27.2,85.9,26.2,Healthy,0
COW_29,2025-07-07,127,38.71,51.1,437.9,26.56,28.0,55.5,24.7,Healthy,0
COW_30,2025-07-07,210,38.93,53.1,480.1,31.85,28.6,57.7,25.3,Healthy,0
COW_01,2025-07-08,63,38.36,59.6,399.5,31.82,27.8,74.6,26.0,Healthy,0
COW_02,2025-07-08,231,38.32,42.0,499.0,28.23,28.6,66.9,26.0,Healthy,0
COW_03,2025-07-08,88,38.84,54.2,469.7,29.23,27.3,54.1,24.1,Healthy,0
COW_04,2025-07-08,85,38.76,49.8,484.9,23.83,27.7,68.3,25.4,Healthy,0
COW_05,2025-07-08,146,38.42,37.9,475.9,19.37,23.8,66.9,22.1,Healthy,0
COW_06,2025-07-08,225,38.36,65.5,463.2,21.57,27.3,65.4,24.9,Healthy,0
COW_07,2025-07-08,250,38.75,67.8,531.4,34.56,28.2,57.2,25.0,Healthy,0
COW_08,2025-07-08,213,38.39,47.8,547.1,31.46,27.8,54.0,24.4,Healthy,0
COW_09,2025-07-08,217,38.65,61.7,493.3,37.17,24.7,71.9,23.1,Healthy,0
COW_10,2025-07-08,278,38.49,64.5,471.9,27.39,27.9,63.8,25.2,Healthy,0
COW_11,2025-07-08,176,38.74,45.5,435.1,34.72,24.9,56.6,22.5,Healthy,0
COW_12,2025-07-08,77,38.69,53.8,432.1,19.16,27.9,79.8,26.4,Healthy,0
COW_13,2025-07-08,166,38.46,61.4,428.8,27.66,26.1,64.5,23.8,Healthy,0
COW_14,2025-07-08,147,38.52,53.7,466.2,32.23,25.2,78.4,23.9,Healthy,0
COW_15,2025-07-08,215,38.81,53.1,535.5,30.07,26.3,59.7,23.7,Healthy,0
COW_16,2025-07-08,110,38.68,69.0,463.4,29.33,25.1,59.1,22.7,Healthy,0
COW_17,2025-07-08,86,38.68,51.0,499.4,27.38,27.6,59.4,24.6,Healthy,0
COW_18,2025-07-08,69,38.35,65.1,471.3,26.05,26.5,63.0,24.1,Healthy,0
COW_19,2025-07-08,93,38.58,64.4,485.6,37.53,27.2,62.4,24.6,Healthy,0
COW_20,2025-07-08,264,39.02,46.2,452.8,36.11,26.9,56.0,23.9,Healthy,0
COW_21,2025-07-08,124,38.72,61.3,494.4,20.15,29.0,61.3,25.9,Healthy,0
COW_22,2025-07-08,243,38.44,46.8,485.8,20.85,29.3,53.6,25.5,Healthy,0
COW_23,2025-07-08,57,38.58,59.1,486.3,32.27,28.0,68.8,25.7,Healthy,0
COW_24,2025-07-08,187,38.62,61.9,428.8,25.78,27.6,70.6,25.5,Healthy,0
COW_25,2025-07-08,244,38.51,58.6,526.4,22.36,26.2,54.6,23.3,Healthy,0
COW_26,2025-07-08,124,38.73,50.9,488.2,21.27,30.4,57.0,26.6,Healthy,0
COW_27,2025-07-08,62,38.42,62.9,536.4,30.97,27.2,63.3,24.6,Healthy,0
COW_28,2025-07-08,218,38.68,49.4,477.3,21.3,28.5,71.1,26.3,Healthy,0
COW_29,2025-07-08,128,38.9,59.7,488.5,27.01,25.7,68.7,23.8,Healthy,0
COW_30,2025-07-08,211,38.86,57.8,479.1,26.95,26.3,76.1,24.8,Healthy,0
COW_01,2025-07-09,64,38.37,57.7,389.3,32.46,25.5,60.8,23.2,Healthy,0
COW_02,2025-07-09,232,38.31,51.0,496.7,30.92,26.2,59.9,23.6,Healthy,0
COW_03,2025-07-09,89,38.66,49.8,498.6,29.44,26.7,64.2,24.3,Healthy,0
COW_04,2025-07-09,86,38.88,61.5,510.9,26.58,26.8,58.6,24.0,Healthy,0
COW_05,2025-07-09,147,38.59,41.3,487.2,20.7,26.9,60.4,24.2,Healthy,0
COW_06,2025-07-09,226,38.35,62.3,468.5,24.08,25.4,66.3,23.4,Healthy,0
COW_07,2025-07-09,251,38.79,66.9,572.4,33.89,26.4,71.2,24.6,Healthy,0
COW_08,2025-07-09,214,38.41,45.5,514.9,33.53,27.1,60.7,24.4,Healthy,0
COW_09,2025-07-09,218,38.6,60.0,498.4,34.52,24.9,59.3,22.6,Healthy,0
COW_10,2025-07-09,279,38.56,58.8,474.4,29.54,28.7,58.9,25.5,Healthy,0
COW_11,2025-07-09,177,38.79,39.1,479.7,34.69,26.4,54.4,23.4,Healthy,0
COW_12,2025-07-09,78,38.62,52.8,462.6,20.42,26.6,57.3,23.7,Healthy,0
COW_13,2025-07-09,167,38.44,57.8,425.5,26.31,28.6,68.4,26.2,Healthy,0
COW_14,2025-07-09,148,38.64,50.1,440.5,33.37,25.3,72.1,23.7,Healthy,0
COW_15,2025-07-09,216,38.88,62.0,537.8,26.36,26.7,57.6,23.9,Healthy,0
COW_16,2025-07-09,111,38.6,68.3,455.2,33.74,28.9,58.0,25.5,Healthy,0
COW_17,2025-07-09,87,38.59,61.9,483.8,26.01,26.4,61.5,23.9,Healthy,0
COW_18,2025-07-09,70,38.5,66.2,466.8,31.79,28.1,60.5,25.2,Healthy,0
COW_19,2025-07-09,94,38.65,54.0,457.6,31.82,29.0,74.8,27.0,Healthy,0
COW_20,2025-07-09,265,38.91,40.3,448.9,33.83,24.8,62.0,22.6,Healthy,0
COW_21,2025-07-09,125,38.68,51.7,466.6,25.79,25.7,74.2,24.1,Healthy,0
COW_22,2025-07-09,244,38.75,43.7,489.9,20.87,24.6,63.9,22.6,Healthy,0
COW_23,2025-07-09,58,38.33,64.6,506.4,34.23,26.9,50.2,23.5,Healthy,0
COW_24,2025-07-09,188,39.04,63.4,483.3,25.8,25.2,60.5,22.9,Healthy,0
COW_25,2025-07-09,245,38.5,49.6,481.8,22.41,26.4,80.9,25.2,Healthy,0
COW_26,2025-07-09,125,38.82,47.8,507.7,24.24,25.9,62.4,23.5,Healthy,0
COW_27,2025-07-09,63,38.56,56.5,589.3,33.96,27.5,66.6,25.1,Healthy,0
COW_28,2025-07-09,219,38.69,52.4,506.9,20.19,27.0,72.2,25.1,Healthy,0
COW_29,2025-07-09,129,38.86,56.2,446.7,26.6,25.6,74.0,24.0,Healthy,0
COW_30,2025-07-09,212,38.85,58.5,489.3,32.84,27.1,73.8,25.3,Healthy,0
COW_01,2025-07-10,65,38.36,60.5,395.1,30.5,30.1,54.7,26.2,Healthy,0
COW_02,2025-07-10,233,38.54,52.2,512.1,26.48,27.7,56.7,24.6,Healthy,0
COW_03,2025-07-10,90,38.7,56.6,469.7,27.83,28.6,61.7,25.6,Healthy,0
COW_04,2025-07-10,87,38.73,61.4,493.1,20.96,30.4,67.6,27.5,Healthy,0
COW_05,2025-07-10,148,38.17,46.8,481.6,17.64,27.1,60.3,24.4,Healthy,0
COW_06,2025-07-10,227,38.66,70.7,461.0,22.79,26.0,68.7,24.0,Healthy,0
COW_07,2025-07-10,252,38.8,60.2,527.3,35.27,25.7,61.7,23.3,Healthy,0
COW_08,2025-07-10,215,38.33,51.2,532.5,35.6,24.6,67.4,22.8,Healthy,0
COW_09,2025-07-10,219,38.64,60.3,472.2,34.53,25.8,62.1,23.5,Healthy,0
COW_10,2025-07-10,280,38.58,56.5,466.4,28.68,24.4,72.4,22.9,Healthy,0
COW_11,2025-07-10,178,38.67,45.4,454.6,30.08,27.2,68.2,25.0,Healthy,0
COW_12,2025-07-10,79,38.72,42.1,463.1,20.09,26.3,78.5,24.9,Healthy,0
COW_13,2025-07-10,168,38.48,57.7,427.8,26.42,27.0,60.0,24.3,Healthy,0
COW_14,2025-07-10,149,38.53,57.7,448.5,32.57,26.3,44.0,22.6,Healthy,0
COW_15,2025-07-10,217,38.82,62.4,499.3,25.8,25.7,67.3,23.7,Healthy,0
COW_16,2025-07-10,112,38.64,62.2,447.6,32.54,21.8,84.3,21.2,Healthy,0
COW_17,2025-07-10,88,38.75,59.6,517.6,27.3,26.5,53.4,23.4,Healthy,0
COW_18,2025-07-10,71,38.52,69.4,460.5,28.05,28.4,61.6,25.5,Healthy,0
COW_19,2025-07-10,95,38.78,55.4,478.1,35.79,26.9,56.9,24.0,Healthy,0
COW_20,2025-07-10,266,38.89,38.0,473.0,35.95,27.8,63.5,25.1,Healthy,0
COW_21,2025-07-10,126,38.62,54.5,483.8,20.88,26.9,56.3,23.9,Healthy,0
COW_22,2025-07-10,245,38.62,47.2,482.1,18.18,24.6,81.4,23.6,Healthy,0
COW_23,2025-07-10,59,38.64,51.6,506.6,32.85,27.3,58.8,24.4,Healthy,0
COW_24,2025-07-10,189,38.86,66.5,434.9,25.01,26.7,61.4,24.1,Healthy,0
COW_25,2025-07-10,246,38.46,53.7,484.4,23.07,28.8,68.4,26.3,Healthy,0
COW_26,2025-07-10,126,38.81,52.6,479.5,26.58,25.8,64.9,23.6,Healthy,0
COW_27,2025-07-10,64,38.63,62.7,567.7,34.82,24.2,50.7,21.6,Healthy,0
COW_28,2025-07-10,220,38.57,43.6,487.1,17.16,28.2,57.3,24.9,Healthy,0
COW_29,2025-07-10,130,38.75,67.6,436.4,26.66,29.1,57.9,25.7,Healthy,0
COW_30,2025-07-10,213,38.83,57.7,487.4,28.35,26.6,72.1,24.7,Healthy,0
COW_01,2025-07-11,66,38.33,70.2,465.0,30.95,26.1,67.7,24.0,Healthy,0
COW_02,2025-07-11,234,38.51,41.3,512.0,27.8,24.7,70.7,23.1,Healthy,0
COW_03,2025-07-11,91,38.54,55.7,491.7,27.09,27.0,70.9,25.0,Healthy,0
COW_04,2025-07-11,88,38.62,63.7,499.4,22.13,27.5,54.7,24.3,Healthy,0
COW_05,2025-07-11,149,38.34,46.6,463.2,20.73,24.6,59.7,22.3,Healthy,0
COW_06,2025-07-11,228,38.58,70.0,464.4,24.72,26.8,71.3,24.9,Healthy,0
COW_07,2025-07-11,253,38.73,67.8,524.3,31.69,23.8,54.9,21.5,Healthy,0
COW_08,2025-07-11,216,38.55,74.3,461.7,34.16,29.4,80.4,27.8,Estrus,0
COW_09,2025-07-11,220,38.44,49.7,480.3,36.13,24.9,64.1,22.8,Healthy,0
COW_10,2025-07-11,281,38.5,59.1,490.3,28.0,25.4,70.7,23.7,Healthy,0
COW_11,2025-07-11,179,38.93,45.0,442.9,32.05,26.7,72.1,24.8,Healthy,0
COW_12,2025-07-11,80,38.51,51.3,449.2,21.4,26.0,52.4,23.0,Healthy,0
COW_13,2025-07-11,169,38.43,48.8,423.7,28.57,25.6,85.2,24.7,Healthy,0
COW_14,2025-07-11,150,38.59,51.4,466.9,31.31,28.4,71.6,26.2,Healthy,0
COW_15,2025-07-11,218,38.91,56.5,538.3,25.59,28.4,62.5,25.6,Healthy,0
COW_16,2025-07-11,113,38.67,63.4,479.3,31.54,26.9,61.1,24.2,Healthy,0
COW_17,2025-07-11,89,38.62,57.0,522.8,27.38,26.4,66.4,24.2,Healthy,0
COW_18,2025-07-11,72,38.42,69.3,473.7,26.25,26.6,71.9,24.7,Healthy,0
COW_19,2025-07-11,96,38.76,66.7,504.7,36.4,24.7,77.4,23.4,Healthy,0
COW_20,2025-07-11,267,38.82,42.9,444.3,36.86,25.3,72.3,23.6,Healthy,0
COW_21,2025-07-11,127,38.57,61.2,488.2,20.61,27.9,64.9,25.3,Healthy,0
COW_22,2025-07-11,246,38.47,51.0,471.1,21.19,27.6,58.4,24.6,Healthy,0
COW_23,2025-07-11,60,38.66,48.5,532.1,36.54,29.1,75.2,27.1,Healthy,0
COW_24,2025-07-11,190,38.98,66.7,466.6,24.96,28.5,54.1,24.9,Healthy,0
COW_25,2025-07-11,247,38.64,51.0,488.6,23.09,28.9,51.7,25.1,Healthy,0
COW_26,2025-07-11,127,38.72,42.3,483.9,22.1,26.0,57.2,23.3,Healthy,0
COW_27,2025-07-11,65,38.52,58.8,569.8,33.75,27.5,55.0,24.3,Healthy,0
COW_28,2025-07-11,221,38.62,46.1,488.5,19.25,26.6,64.5,24.2,Healthy,0
COW_29,2025-07-11,131,38.78,56.9,458.0,26.82,24.7,64.1,22.7,Healthy,0
COW_30,2025-07-11,214,38.81,59.0,497.8,28.27,28.3,65.6,25.7,Healthy,0
COW_01,2025-07-12,67,38.62,56.1,417.8,33.87,27.0,62.0,24.4,Healthy,0
COW_02,2025-07-12,235,38.51,45.4,527.1,28.35,26.4,67.2,24.3,Healthy,0
COW_03,2025-07-12,92,38.72,56.7,463.7,29.89,25.9,61.1,23.5,Healthy,0
COW_04,2025-07-12,89,38.73,68.7,508.0,21.95,25.6,61.7,23.3,Healthy,0
COW_05,2025-07-12,150,38.59,49.2,484.7,17.75,25.6,65.6,23.5,Healthy,0
COW_06,2025-07-12,229,38.65,62.8,435.3,25.81,26.8,51.3,23.5,Healthy,0
COW_07,2025-07-12,254,38.59,62.1,515.5,33.4,25.2,61.5,23.0,Healthy,0
COW_08,2025-07-12,217,38.39,52.2,535.7,32.84,27.1,64.1,24.6,Healthy,0
COW_09,2025-07-12,221,38.69,50.3,489.6,37.54,25.8,60.4,23.3,Healthy,0
COW_10,2025-07-12,282,38.54,53.9,481.6,29.2,28.9,70.7,26.6,Healthy,0
COW_11,2025-07-12,180,38.98,39.5,437.9,29.92,24.8,71.0,23.2,Healthy,0
COW_12,2025-07-12,81,38.49,61.2,452.2,21.46,26.0,59.7,23.4,Healthy,0
COW_13,2025-07-12,170,38.61,63.5,441.0,30.5,25.2,44.5,21.9,Healthy,0
COW_14,2025-07-12,151,38.73,51.9,469.7,31.93,27.5,58.8,24.5,Healthy,0
COW_15,2025-07-12,219,38.92,47.7,520.7,28.59,28.1,52.3,24.5,Healthy,0
COW_16,2025-07-12,114,38.78,65.9,452.6,33.87,27.3,64.6,24.8,Healthy,0
COW_17,2025-07-12,90,38.63,47.2,514.5,27.67,24.8,48.3,21.9,Healthy,0
COW_18,2025-07-12,73,38.57,80.7,490.7,31.38,30.6,71.1,28.0,Healthy,0
COW_19,2025-07-12,97,38.6,54.1,504.7,35.54,26.6,53.5,23.5,Healthy,0
COW_20,2025-07-12,268,38.86,47.6,446.4,35.03,27.0,74.4,25.2,Healthy,0
COW_21,2025-07-12,128,38.55,60.3,481.9,21.08,29.2,64.9,26.3,Healthy,0
COW_22,2025-07-12,247,38.74,44.2,492.0,21.07,27.4,77.6,25.8,Healthy,0
COW_23,2025-07-12,61,38.56,60.3,497.0,30.85,28.6,74.0,26.6,Healthy,0
COW_24,2025-07-12,191,38.76,57.5,449.2,27.26,25.5,61.2,23.1,Healthy,0
COW_25,2025-07-12,248,38.44,58.4,435.1,22.47,28.0,60.4,25.0,Healthy,0
COW_26,2025-07-12,128,38.91,44.9,483.6,22.96,27.9,66.7,25.4,Healthy,0
COW_27,2025-07-12,66,38.53,53.1,566.9,30.9,26.9,53.2,23.7,Healthy,0
COW_28,2025-07-12,222,38.62,43.3,504.1,16.61,26.1,61.2,23.6,Healthy,0
COW_29,2025-07-12,132,38.84,57.9,453.3,28.0,27.5,56.7,24.4,Healthy,0
COW_30,2025-07-12,215,38.87,49.0,481.6,30.07,29.0,69.5,26.6,Healthy,0
COW_01,2025-07-13,68,38.43,54.1,417.9,32.3,26.4,60.6,23.8,Healthy,0
COW_02,2025-07-13,236,38.43,50.8,497.3,28.39,28.1,56.7,24.9,Healthy,0
COW_03,2025-07-13,93,38.77,60.9,511.7,31.36,25.9,67.8,23.9,Healthy,0
COW_04,2025-07-13,90,38.66,57.3,514.8,19.91,27.4,62.0,24.7,Healthy,0
COW_05,2025-07-13,151,38.4,43.1,482.8,18.84,23.9,60.9,21.9,Healthy,0
COW_06,2025-07-13,230,38.49,70.7,458.2,22.73,28.2,56.6,24.9,Healthy,0
COW_07,2025-07-13,255,38.85,66.1,533.6,33.77,25.4,67.6,23.5,Healthy,0
COW_08,2025-07-13,218,38.53,48.4,539.1,34.44,25.8,73.8,24.2,Healthy,0
COW_09,2025-07-13,222,38.7,55.3,509.2,36.64,25.6,68.8,23.7,Healthy,0
COW_10,2025-07-13,283,38.41,62.6,496.9,28.22,27.3,67.9,25.0,Healthy,0
COW_11,2025-07-13,181,38.93,52.1,465.3,31.37,27.9,68.8,25.6,Healthy,0
COW_12,2025-07-13,82,38.75,53.8,444.5,22.43,25.0,60.2,22.7,Healthy,0
COW_13,2025-07-13,171,38.48,59.7,431.3,28.14,28.1,68.1,25.7,Healthy,0
COW_14,2025-07-13,152,38.44,46.6,454.6,32.9,26.7,50.5,23.3,Healthy,0
COW_15,2025-07-13,220,38.85,48.9,528.2,29.4,28.0,60.7,25.1,Healthy,0
COW_16,2025-07-13,115,38.72,79.1,455.1,32.24,26.3,75.5,24.7,Healthy,0
COW_17,2025-07-13,91,38.53,61.8,528.6,28.23,29.0,64.7,26.2,Healthy,0
COW_18,2025-07-13,74,38.54,74.4,463.6,29.37,25.1,68.2,23.3,Healthy,0
COW_19,2025-07-13,98,38.7,55.0,514.9,36.12,25.9,55.3,23.1,Healthy,0
COW_20,2025-07-13,269,39.06,42.5,490.8,35.61,27.7,57.5,24.6,Healthy,0
COW_21,2025-07-13,129,38.6,54.6,502.1,22.04,23.8,59.6,21.7,Healthy,0
COW_22,2025-07-13,248,38.57,52.5,475.9,22.61,26.8,56.5,23.9,Healthy,0
COW_23,2025-07-13,62,38.57,48.3,489.6,30.45,27.5,52.2,24.1,Healthy,0
COW_24,2025-07-13,192,38.88,66.4,441.9,24.65,24.1,60.4,22.0,Healthy,0
COW_25,2025-07-13,249,38.49,48.9,467.0,20.99,25.1,59.1,22.7,Healthy,0
COW_26,2025-07-13,129,38.83,41.6,479.9,21.63,28.1,69.2,25.8,Healthy,0
COW_27,2025-07-13,67,38.49,64.3,564.5,31.25,25.1,53.0,22.3,Healthy,0
COW_28,2025-07-13,223,38.71,39.9,480.4,19.62,27.7,67.7,25.3,Healthy,0
COW_29,2025-07-13,133,38.66,54.2,476.5,26.87,27.3,62.4,24.6,Healthy,0
COW_30,2025-07-13,216,39.0,53.0,485.3,31.34,24.8,72.7,23.2,Healthy,0
COW_01,2025-07-14,69,38.49,66.1,423.8,33.23,25.9,65.0,23.7,Healthy,0
COW_02,2025-07-14,237,38.25,56.5,543.6,28.4,22.9,62.5,21.1,Healthy,0
COW_03,2025-07-14,94,38.76,54.1,486.7,30.63,25.7,59.2,23.2,Healthy,0
COW_04,2025-07-14,91,38.73,53.5,521.0,24.38,27.2,52.9,23.9,Healthy,0
COW_05,2025-07-14,152,38.49,36.7,480.4,17.93,25.9,61.9,23.5,Healthy,0
COW_06,2025-07-14,231,38.48,67.9,468.2,24.24,27.1,66.6,24.8,Healthy,0
COW_07,2025-07-14,256,38.78,58.3,533.9,31.41,26.1,71.1,24.2,Healthy,0
COW_08,2025-07-14,219,38.54,50.9,511.2,32.76,24.9,60.0,22.6,Healthy,0
COW_09,2025-07-14,223,38.61,61.9,484.4,36.06,25.7,70.6,23.9,Healthy,0
COW_10,2025-07-14,284,38.52,57.1,455.7,27.64,26.1,69.5,24.1,Healthy,0
COW_11,2025-07-14,182,38.9,54.0,461.1,30.6,24.5,70.6,22.9,Healthy,0
COW_12,2025-07-14,83,38.58,54.8,455.0,23.92,26.3,46.0,22.8,Healthy,0
COW_13,2025-07-14,172,38.6,52.3,412.6,30.14,25.9,60.0,23.4,Healthy,0
COW_14,2025-07-14,153,38.39,59.1,468.1,32.56,25.8,73.2,24.1,Healthy,0
COW_15,2025-07-14,221,38.94,61.1,496.0,29.15,27.2,62.9,24.6,Healthy,0
COW_16,2025-07-14,116,38.55,65.0,427.3,30.28,25.0,64.6,22.9,Healthy,0
COW_17,2025-07-14,92,38.64,52.3,495.8,26.68,22.7,75.3,21.6,Healthy,0
COW_18,2025-07-14,75,38.46,66.1,478.2,29.0,22.9,53.4,20.7,Healthy,0
COW_19,2025-07-14,99,38.67,51.1,490.2,36.42,26.0,51.4,22.9,Healthy,0
COW_20,2025-07-14,270,38.94,30.6,446.4,36.75,23.8,68.4,22.2,Healthy,0
COW_21,2025-07-14,130,38.74,60.8,480.6,24.89,26.9,62.9,24.4,Healthy,0
COW_22,2025-07-14,249,38.61,43.9,472.3,22.0,26.0,64.4,23.7,Healthy,0
COW_23,2025-07-14,63,38.6,50.3,477.0,33.54,25.3,71.7,23.6,Healthy,0
COW_24,2025-07-14,193,39.02,64.0,438.0,27.31,24.9,76.4,23.5,Healthy,0
COW_25,2025-07-14,250,38.51,52.9,502.9,21.14,26.3,60.4,23.7,Healthy,0
COW_26,2025-07-14,130,38.75,46.0,484.6,22.22,26.5,62.7,24.0,Healthy,0
COW_27,2025-07-14,68,38.36,60.4,569.5,34.38,26.7,64.9,24.3,Healthy,0
COW_28,2025-07-14,224,38.55,44.7,501.2,17.97,25.7,64.9,23.5,Healthy,0
COW_29,2025-07-14,134,38.7,63.5,460.0,26.73,23.4,60.4,21.5,Healthy,0
COW_30,2025-07-14,217,38.96,60.4,482.3,28.03,28.4,70.1,26.1,Healthy,0
COW_01,2025-07-15,70,38.37,62.6,420.0,35.84,27.8,68.1,25.5,Healthy,0
COW_02,2025-07-15,238,38.46,47.5,488.6,29.88,26.2,53.0,23.2,Healthy,0
COW_03,2025-07-15,95,38.64,56.7,484.8,29.9,26.4,62.0,23.9,Healthy,0
COW_04,2025-07-15,92,38.77,61.2,476.9,22.48,26.0,69.4,24.0,Healthy,0
COW_05,2025-07-15,153,38.54,46.1,463.6,20.17,24.3,60.4,22.1,Healthy,0
COW_06,2025-07-15,232,38.61,65.5,463.3,23.66,25.8,71.2,24.0,Healthy,0
COW_07,2025-07-15,257,38.69,71.9,520.1,34.78,25.4,64.2,23.2,Healthy,0
COW_08,2025-07-15,220,38.56,52.2,518.8,36.48,27.5,66.9,25.1,Healthy,0
COW_09,2025-07-15,224,38.48,61.9,499.7,34.02,27.2,82.9,26.0,Healthy,0
COW_10,2025-07-15,285,38.39,63.4,515.0,27.25,25.3,67.5,23.4,Healthy,0
COW_11,2025-07-15,183,39.02,46.4,479.0,28.1,25.3,64.7,23.2,Healthy,0
COW_12,2025-07-15,84,38.61,54.9,451.8,21.15,25.4,64.6,23.3,Healthy,0
COW_13,2025-07-15,173,38.46,53.7,418.4,25.8,23.2,63.4,21.4,Healthy,0
COW_14,2025-07-15,154,38.65,53.0,470.9,33.04,25.5,64.9,23.4,Healthy,0
COW_15,2025-07-15,222,38.72,59.0,502.6,27.97,25.4,70.7,23.6,Healthy,0
COW_16,2025-07-15,117,38.79,69.1,436.7,30.97,27.5,74.0,25.6,Healthy,0
COW_17,2025-07-15,93,38.48,50.6,485.8,27.39,28.1,81.8,26.7,Healthy,0
COW_18,2025-07-15,76,38.41,65.1,478.2,29.53,27.0,71.0,25.0,Healthy,0
COW_19,2025-07-15,100,38.57,59.5,491.8,36.08,25.7,64.0,23.5,Healthy,0
COW_20,2025-07-15,271,38.99,39.8,448.7,35.34,24.0,64.2,22.1,Healthy,0
COW_21,2025-07-15,131,38.59,58.3,471.9,22.84,25.9,51.5,22.9,Healthy,0
COW_22,2025-07-15,250,38.58,43.4,479.6,21.68,24.5,86.3,23.7,Healthy,0
COW_23,2025-07-15,64,38.44,50.7,462.6,29.9,28.1,81.7,26.8,Healthy,0
COW_24,2025-07-15,194,39.04,63.8,426.6,28.89,26.0,62.4,23.6,Healthy,0
COW_25,2025-07-15,251,38.47,45.8,451.3,19.92,25.7,73.6,24.1,Healthy,0
COW_26,2025-07-15,131,39.04,55.1,516.7,24.56,24.8,69.8,23.1,Healthy,0
COW_27,2025-07-15,69,38.5,54.4,554.5,31.73,24.2,65.7,22.3,Healthy,0
COW_28,2025-07-15,225,38.63,60.7,481.7,20.44,24.3,69.2,22.6,Healthy,0
COW_29,2025-07-15,135,38.89,55.4,480.5,22.96,24.6,63.6,22.6,Healthy,0
COW_30,2025-07-15,218,38.92,57.0,487.8,29.76,26.0,70.9,24.2,Healthy,0
COW_01,2025-07-16,71,38.37,55.4,439.3,33.1,25.8,51.0,22.8,Healthy,0
COW_02,2025-07-16,239,38.56,58.7,507.9,28.51,24.9,69.9,23.1,Healthy,0
COW_03,2025-07-16,96,39.76,49.1,466.2,21.05,24.3,51.8,21.7,Mastitis,1
COW_04,2025-07-16,93,38.71,60.6,523.1,24.35,20.8,62.5,19.5,Healthy,0
COW_05,2025-07-16,154,38.43,41.1,496.7,18.0,24.1,59.7,22.0,Healthy,0
COW_06,2025-07-16,233,38.62,67.0,450.2,23.6,25.0,66.5,23.1,Healthy,0
COW_07,2025-07-16,258,38.71,63.4,546.1,36.53,25.1,71.5,23.4,Healthy,0
COW_08,2025-07-16,221,38.4,55.2,520.3,34.52,24.6,57.9,22.2,Healthy,0
COW_09,2025-07-16,225,38.68,64.0,494.0,33.51,22.3,67.0,20.9,Healthy,0
COW_10,2025-07-16,286,38.73,55.1,487.2,25.93,24.3,64.6,22.4,Healthy,0
COW_11,2025-07-16,184,38.82,58.5,458.4,30.44,25.1,49.0,22.1,Healthy,0
COW_12,2025-07-16,85,38.64,52.0,436.9,25.32,24.0,65.8,22.2,Healthy,0
COW_13,2025-07-16,174,38.46,62.5,433.5,28.12,24.0,64.0,22.1,Healthy,0
COW_14,2025-07-16,155,38.58,50.3,455.6,34.19,23.5,71.4,22.1,Healthy,0
COW_15,2025-07-16,223,38.78,50.9,522.1,29.74,28.5,52.9,24.9,Healthy,0
COW_16,2025-07-16,118,38.61,64.2,467.2,30.57,25.7,83.2,24.6,Healthy,0
COW_17,2025-07-16,94,38.38,52.8,488.0,29.18,25.5,59.9,23.1,Healthy,0
COW_18,2025-07-16,77,38.63,72.6,475.1,30.85,26.5,68.0,24.3,Healthy,0
COW_19,2025-07-16,101,38.49,55.3,512.4,34.84,24.5,53.9,22.0,Healthy,0
COW_20,2025-07-16,272,38.91,40.8,488.3,34.97,27.2,56.7,24.1,Healthy,0
COW_21,2025-07-16,132,38.59,55.1,499.8,20.06,24.5,61.1,22.4,Healthy,0
COW_22,2025-07-16,251,38.44,40.9,477.5,24.53,23.1,68.4,21.6,Healthy,0
COW_23,2025-07-16,65,38.58,50.4,494.0,34.49,24.3,66.9,22.5,Healthy,0
COW_24,2025-07-16,195,39.0,67.0,468.8,24.46,25.5,55.5,22.8,Healthy,0
COW_25,2025-07-16,252,38.35,51.5,454.3,21.34,26.7,61.4,24.1,Healthy,0
COW_26,2025-07-16,132,38.8,57.0,503.1,23.94,25.3,78.9,24.0,Healthy,0
COW_27,2025-07-16,70,38.52,75.1,540.9,33.53,22.9,61.9,21.2,Healthy,0
COW_28,2025-07-16,226,38.75,44.2,487.1,18.43,23.4,73.3,22.1,Healthy,0
COW_29,2025-07-16,136,38.97,53.1,478.4,28.04,24.0,62.0,22.0,Healthy,0
COW_30,2025-07-16,219,38.81,51.7,488.5,26.89,24.6,60.9,22.4,Healthy,0
COW_01,2025-07-17,72,38.54,63.3,404.8,32.0,25.1,65.4,23.1,Healthy,0
COW_02,2025-07-17,240,38.32,49.2,499.5,31.78,24.4,78.3,23.2,Healthy,0
COW_03,2025-07-17,97,38.65,51.8,494.0,29.9,25.2,68.3,23.3,Healthy,0
COW_04,2025-07-17,94,38.67,50.4,502.4,24.39,23.1,67.7,21.5,Healthy,0
COW_05,2025-07-17,155,38.34,49.1,492.7,21.73,28.1,56.8,24.9,Healthy,0
COW_06,2025-07-17,234,38.78,64.2,468.7,25.1,24.8,83.7,23.9,Healthy,0
COW_07,2025-07-17,259,38.65,66.7,521.9,36.09,28.0,64.0,25.3,Healthy,0
COW_08,2025-07-17,222,38.33,50.5,509.4,38.92,23.1,54.9,20.9,Healthy,0
COW_09,2025-07-17,226,38.52,52.2,491.7,36.92,22.5,61.4,20.8,Healthy,0
COW_10,2025-07-17,287,38.66,69.2,490.9,26.56,28.4,61.6,25.5,Healthy,0
COW_11,2025-07-17,185,38.82,51.5,450.0,29.81,26.7,75.7,25.0,Healthy,0
COW_12,2025-07-17,86,38.43,55.3,437.1,20.12,26.3,68.8,24.2,Healthy,0
COW_13,2025-07-17,175,38.56,60.5,427.7,29.34,24.7,71.3,23.1,Healthy,0
COW_14,2025-07-17,156,38.51,51.1,450.1,34.67,21.5,72.1,20.4,Healthy,0
COW_15,2025-07-17,224,38.88,48.9,535.9,26.83,23.7,60.3,21.7,Healthy,0
COW_16,2025-07-17,119,38.63,62.5,456.5,31.36,22.6,70.6,21.3,Healthy,0
COW_17,2025-07-17,95,38.55,52.2,527.7,28.52,25.7,43.7,22.2,Healthy,0
COW_18,2025-07-17,78,38.65,57.8,467.6,28.75,26.4,77.6,24.9,Healthy,0
COW_19,2025-07-17,102,38.68,55.0,484.7,36.56,22.9,56.7,20.9,Healthy,0
COW_20,2025-07-17,273,38.9,48.3,480.2,35.42,25.5,68.4,23.6,Healthy,0
COW_21,2025-07-17,133,38.7,56.4,511.4,23.82,24.1,66.9,22.3,Healthy,0
COW_22,2025-07-17,252,38.61,45.5,503.7,23.29,24.0,66.6,22.3,Healthy,0
COW_23,2025-07-17,66,38.57,51.6,490.5,33.62,23.2,68.6,21.7,Healthy,0
COW_24,2025-07-17,196,38.97,63.4,453.3,25.23,24.3,58.1,22.1,Healthy,0
COW_25,2025-07-17,253,38.53,61.6,481.7,20.59,24.9,58.4,22.5,Healthy,0
COW_26,2025-07-17,133,38.69,58.0,494.2,21.44,23.6,51.8,21.2,Healthy,0
COW_27,2025-07-17,71,38.5,64.0,554.3,33.43,24.0,53.8,21.6,Healthy,0
COW_28,2025-07-17,227,38.61,35.1,514.4,18.57,24.3,78.1,23.1,Healthy,0
COW_29,2025-07-17,137,38.81,51.5,461.5,28.37,25.5,63.7,23.3,Healthy,0
COW_30,2025-07-17,220,38.94,68.9,458.0,32.92,24.3,67.8,22.6,Healthy,0
COW_01,2025-07-18,73,38.41,60.5,417.7,32.93,26.5,44.5,22.8,Healthy,0
COW_02,2025-07-18,241,38.38,51.4,510.1,27.71,24.6,74.7,23.2,Healthy,0
COW_03,2025-07-18,98,38.74,43.0,479.3,26.12,24.3,65.0,22.4,Healthy,0
COW_04,2025-07-18,95,38.6,55.8,523.2,21.7,25.0,50.0,22.1,Healthy,0
COW_05,2025-07-18,156,38.4,37.7,471.6,18.22,22.7,56.6,20.7,Healthy,0
COW_06,2025-07-18,235,38.52,68.4,450.4,22.97,24.7,71.8,23.1,Healthy,0
COW_07,2025-07-18,260,38.5,60.1,551.8,35.29,24.7,73.1,23.2,Healthy,0
COW_08,2025-07-18,223,38.53,54.9,522.1,35.19,21.5,59.6,20.0,Healthy,0
COW_09,2025-07-18,227,38.73,51.4,505.7,35.27,25.1,73.8,23.6,Healthy,0
COW_10,2025-07-18,288,38.47,51.3,505.1,28.58,27.9,53.9,24.5,Healthy,0
COW_11,2025-07-18,186,38.95,44.3,455.8,29.85,22.8,56.6,20.8,Healthy,0
COW_12,2025-07-18,87,38.63,45.9,478.7,18.99,26.6,73.2,24.8,Healthy,0
COW_13,2025-07-18,176,38.47,47.9,433.1,28.81,25.2,68.4,23.3,Healthy,0
COW_14,2025-07-18,157,38.54,58.3,447.3,34.06,27.2,62.8,24.6,Healthy,0
COW_15,2025-07-18,225,38.84,55.9,527.9,28.22,22.3,70.8,21.0,Healthy,0
COW_16,2025-07-18,120,38.72,64.8,444.7,30.62,24.1,60.5,22.0,Healthy,0
COW_17,2025-07-18,96,38.54,65.0,523.4,24.93,23.8,55.4,21.5,Healthy,0
COW_18,2025-07-18,79,38.38,76.6,454.4,27.49,23.9,62.5,22.0,Healthy,0
COW_19,2025-07-18,103,38.44,50.2,517.8,35.32,25.0,58.3,22.6,Healthy,0
COW_20,2025-07-18,274,38.84,45.4,491.2,36.76,25.1,70.4,23.4,Healthy,0
COW_21,2025-07-18,134,38.57,60.9,464.4,21.59,25.0,74.8,23.5,Healthy,0
COW_22,2025-07-18,253,38.4,44.3,473.2,21.19,21.8,68.2,20.5,Healthy,0
COW_23,2025-07-18,67,38.52,55.1,519.2,32.93,25.7,50.7,22.6,Healthy,0
COW_24,2025-07-18,197,38.98,71.0,440.8,26.28,24.9,65.1,22.9,Healthy,0
COW_25,2025-07-18,254,38.57,56.9,454.3,22.0,24.1,69.4,22.5,Healthy,0
COW_26,2025-07-18,134,38.9,43.6,499.6,25.25,23.3,62.9,21.5,Healthy,0
COW_27,2025-07-18,72,38.47,57.9,562.2,34.55,23.9,63.0,22.0,Healthy,0
COW_28,2025-07-18,228,38.65,46.4,469.4,17.32,24.0,67.9,22.4,Healthy,0
COW_29,2025-07-18,138,38.8,61.9,479.9,25.62,26.6,75.5,25.0,Healthy,0
COW_30,2025-07-18,221,38.75,64.0,487.8,29.42,21.4,65.6,20.1,Healthy,0
COW_01,2025-07-19,74,38.42,61.9,425.9,32.14,21.2,67.6,20.0,Healthy,0
COW_02,2025-07-19,242,38.46,40.0,505.1,27.66,23.4,64.3,21.6,Healthy,0
COW_03,2025-07-19,99,38.79,59.4,487.8,28.64,24.6,60.8,22.4,Healthy,0
COW_04,2025-07-19,96,38.88,62.2,498.3,23.38,21.8,74.5,20.7,Healthy,0
COW_05,2025-07-19,157,38.38,37.5,495.9,17.79,28.1,61.4,25.2,Healthy,0
COW_06,2025-07-19,236,38.59,73.1,461.0,23.0,27.9,68.2,25.6,Healthy,0
COW_07,2025-07-19,261,38.77,68.9,547.1,36.74,24.4,72.2,22.9,Healthy,0
COW_08,2025-07-19,224,38.37,37.8,522.9,30.97,21.9,60.7,20.3,Healthy,0
COW_09,2025-07-19,228,38.65,61.4,475.4,37.67,22.6,67.1,21.1,Healthy,0
COW_10,2025-07-19,289,38.67,60.5,496.2,24.66,26.1,71.3,24.3,Healthy,0
COW_11,2025-07-19,187,38.83,41.4,435.9,31.38,24.2,78.6,23.1,Healthy,0
COW_12,2025-07-19,88,38.64,50.5,453.4,20.08,23.9,63.0,22.0,Healthy,0
COW_13,2025-07-19,177,38.49,52.9,437.3,28.36,23.0,73.9,21.8,Healthy,0
COW_14,2025-07-19,158,39.46,52.4,413.9,24.1,28.3,59.5,25.8,Heat_Stress,1
COW_15,2025-07-19,226,38.84,60.1,510.0,25.83,23.8,75.4,22.6,Healthy,0
COW_16,2025-07-19,121,38.51,75.9,457.4,32.92,25.2,71.2,23.5,Healthy,0
COW_17,2025-07-19,97,38.72,55.8,492.0,27.75,20.0,56.3,18.7,Healthy,0
COW_18,2025-07-19,80,38.37,72.8,482.2,30.79,23.2,64.7,21.5,Healthy,0
COW_19,2025-07-19,104,38.67,50.4,498.1,36.5,27.4,70.0,25.2,Healthy,0
COW_20,2025-07-19,275,38.75,44.6,448.0,35.16,27.1,63.0,24.6,Healthy,0
COW_21,2025-07-19,135,38.39,63.5,482.3,20.0,19.4,52.8,18.1,Healthy,0
COW_22,2025-07-19,254,38.41,44.6,466.7,20.19,25.6,69.7,23.8,Healthy,0
COW_23,2025-07-19,68,38.52,54.6,527.3,30.24,23.7,76.7,22.5,Healthy,0
COW_24,2025-07-19,198,38.75,57.0,437.4,22.24,26.0,67.9,24.0,Healthy,0
COW_25,2025-07-19,255,38.62,56.7,470.3,23.13,22.6,54.4,20.5,Healthy,0
COW_26,2025-07-19,135,38.71,46.9,535.6,24.72,23.5,60.1,21.5,Healthy,0
COW_27,2025-07-19,73,38.36,62.5,550.6,34.84,25.9,63.5,23.6,Healthy,0
COW_28,2025-07-19,229,38.7,44.8,488.2,17.01,24.6,66.3,22.7,Healthy,0
COW_29,2025-07-19,139,38.86,54.7,453.0,25.96,24.0,50.9,21.4,Healthy,0
COW_30,2025-07-19,222,38.97,57.8,504.8,31.21,22.9,77.8,21.9,Healthy,0
COW_01,2025-07-20,75,38.62,53.3,434.4,32.21,23.4,56.6,21.2,Healthy,0
COW_02,2025-07-20,243,38.32,40.3,512.6,28.23,19.6,71.3,18.8,Healthy,0
COW_03,2025-07-20,100,38.68,58.4,476.4,30.6,24.5,57.4,22.1,Healthy,0
COW_04,2025-07-20,97,38.66,58.1,493.6,21.64,24.5,67.0,22.7,Healthy,0
COW_05,2025-07-20,158,38.4,37.1,508.9,20.84,23.9,54.2,21.5,Healthy,0
COW_06,2025-07-20,237,38.49,63.4,448.2,24.9,22.9,66.0,21.3,Healthy,0
COW_07,2025-07-20,262,38.69,59.8,559.0,34.78,24.7,66.0,22.8,Healthy,0
COW_08,2025-07-20,225,38.39,49.3,525.8,35.67,24.6,74.1,23.1,Healthy,0
COW_09,2025-07-20,229,38.61,59.2,497.7,34.73,21.4,72.0,20.4,Healthy,0
COW_10,2025-07-20,290,38.52,63.4,472.7,26.26,22.8,50.2,20.5,Healthy,0
COW_11,2025-07-20,188,38.83,48.1,464.1,30.67,24.6,71.2,23.0,Healthy,0
COW_12,2025-07-20,89,38.37,60.4,449.9,20.06,22.6,67.9,21.2,Healthy,0
COW_13,2025-07-20,178,38.43,54.0,453.6,29.03,22.9,67.3,21.4,Healthy,0
COW_14,2025-07-20,159,38.68,58.7,439.9,33.04,21.3,81.2,20.6,Healthy,0
COW_15,2025-07-20,227,38.86,53.3,507.6,30.87,21.9,59.2,20.2,Healthy,0
COW_16,2025-07-20,122,38.57,67.8,446.3,32.72,24.0,61.9,22.0,Healthy,0
COW_17,2025-07-20,98,38.55,58.8,474.4,27.13,25.0,53.4,22.3,Healthy,0
COW_18,2025-07-20,81,38.52,77.9,429.5,27.77,23.5,56.3,21.3,Healthy,0
COW_19,2025-07-20,105,38.53,58.9,529.6,33.97,22.2,63.1,20.6,Healthy,0
COW_20,2025-07-20,276,38.82,48.1,449.0,35.38,25.3,65.3,23.3,Healthy,0
COW_21,2025-07-20,136,38.61,56.3,493.9,22.0,21.8,61.7,20.2,Healthy,0
COW_22,2025-07-20,255,38.7,51.6,473.5,23.72,21.2,71.0,20.2,Healthy,0
COW_23,2025-07-20,69,38.49,53.4,503.4,33.46,25.8,68.6,23.8,Healthy,0
COW_24,2025-07-20,199,38.9,52.6,421.8,25.45,26.4,59.4,23.7,Healthy,0
COW_25,2025-07-20,256,38.21,53.9,462.5,22.33,20.5,59.8,19.2,Healthy,0
COW_26,2025-07-20,136,38.83,49.5,490.7,24.35,22.0,57.3,20.3,Healthy,0
COW_27,2025-07-20,74,38.43,59.7,566.3,33.24,22.6,69.5,21.2,Healthy,0
COW_28,2025-07-20,230,38.86,47.2,473.7,19.69,23.0,68.5,21.5,Healthy,0
COW_29,2025-07-20,140,38.84,65.4,476.9,25.44,22.3,67.4,20.9,Healthy,0
COW_30,2025-07-20,223,38.89,59.3,488.7,29.62,19.5,63.5,18.5,Healthy,0
COW_01,2025-07-21,76,38.41,67.5,430.2,35.3,24.8,68.5,23.0,Healthy,0
COW_02,2025-07-21,244,38.52,44.9,485.6,30.27,23.5,84.1,22.7,Healthy,0
COW_03,2025-07-21,101,38.78,57.0,486.3,28.25,21.7,60.7,20.2,Healthy,0
COW_04,2025-07-21,98,38.75,59.1,508.7,21.89,26.3,52.5,23.2,Healthy,0
COW_05,2025-07-21,159,38.42,38.0,505.2,20.38,23.1,45.5,20.6,Healthy,0
COW_06,2025-07-21,238,38.55,70.5,449.7,21.88,23.3,69.8,21.9,Healthy,0
COW_07,2025-07-21,263,38.66,62.9,554.9,35.29,20.4,63.3,19.2,Healthy,0
COW_08,2025-07-21,226,38.48,48.8,528.8,34.54,22.4,62.3,20.8,Healthy,0
COW_09,2025-07-21,230,38.6,62.6,492.0,33.89,24.4,62.0,22.4,Healthy,0
COW_10,2025-07-21,291,38.61,66.1,473.6,27.65,22.6,67.6,21.2,Healthy,0
COW_11,2025-07-21,189,38.93,45.3,454.0,29.0,21.8,60.0,20.2,Healthy,0
COW_12,2025-07-21,90,38.49,43.5,457.2,21.56,22.7,55.8,20.7,Healthy,0
COW_13,2025-07-21,179,38.54,43.2,415.5,27.65,22.5,67.0,21.0,Healthy,0
COW_14,2025-07-21,160,38.64,54.6,434.4,34.13,23.8,63.0,21.9,Healthy,0
COW_15,2025-07-21,228,38.9,45.1,539.7,29.17,24.3,69.5,22.7,Healthy,0
COW_16,2025-07-21,123,38.48,67.1,447.3,29.22,23.8,72.7,22.4,Healthy,0
COW_17,2025-07-21,99,38.57,54.9,529.2,27.36,22.7,71.8,21.5,Healthy,0
COW_18,2025-07-21,82,38.5,68.9,462.1,29.3,23.9,63.1,22.0,Healthy,0
COW_19,2025-07-21,106,38.55,53.8,477.9,38.52,20.9,63.4,19.6,Healthy,0
COW_20,2025-07-21,277,38.74,45.1,457.3,38.36,22.1,73.4,21.0,Healthy,0
COW_21,2025-07-21,137,38.61,57.8,472.6,24.18,22.1,58.0,20.3,Healthy,0
COW_22,2025-07-21,256,38.53,39.2,494.3,22.88,24.4,66.7,22.6,Healthy,0
COW_23,2025-07-21,70,38.7,52.7,487.3,32.84,21.3,68.9,20.1,Healthy,0
COW_24,2025-07-21,200,38.99,61.1,449.9,27.27,22.5,59.5,20.7,Healthy,0
COW_25,2025-07-21,257,38.58,49.1,481.0,20.9,23.0,69.8,21.5,Healthy,0
COW_26,2025-07-21,137,38.87,43.0,508.0,23.53,20.3,65.9,19.2,Healthy,0
COW_27,2025-07-21,75,38.58,58.1,536.2,34.4,21.8,66.7,20.5,Healthy,0
COW_28,2025-07-21,231,38.67,40.9,463.3,20.16,25.1,65.6,23.1,Healthy,0
COW_29,2025-07-21,141,38.78,61.2,477.3,28.09,21.3,66.8,20.1,Healthy,0
COW_30,2025-07-21,224,38.75,67.2,511.0,30.79,22.6,56.9,20.7,Healthy,0
COW_01,2025-07-22,77,38.62,63.2,433.9,32.26,22.6,59.4,20.8,Healthy,0
COW_02,2025-07-22,245,38.53,50.4,502.8,30.24,23.5,75.0,22.2,Healthy,0
COW_03,2025-07-22,102,38.74,48.7,491.3,27.53,22.2,65.9,20.8,Healthy,0
COW_04,2025-07-22,99,38.82,66.0,488.2,25.86,24.0,72.8,22.6,Healthy,0
COW_05,2025-07-22,160,38.3,47.0,501.5,20.83,20.2,67.4,19.1,Healthy,0
COW_06,2025-07-22,239,38.59,62.8,472.5,22.38,21.8,57.4,20.1,Healthy,0
COW_07,2025-07-22,264,38.9,61.8,506.3,37.3,23.6,64.4,21.8,Healthy,0
COW_08,2025-07-22,227,38.4,49.4,519.8,33.34,21.5,55.3,19.8,Healthy,0
COW_09,2025-07-22,231,38.61,53.6,517.3,34.69,22.0,65.9,20.6,Healthy,0
COW_10,2025-07-22,292,38.46,55.8,499.9,27.03,25.6,65.4,23.5,Healthy,0
COW_11,2025-07-22,190,38.78,48.8,477.3,29.69,23.0,56.7,21.0,Healthy,0
COW_12,2025-07-22,91,38.59,47.4,435.7,19.66,23.8,62.1,21.9,Healthy,0
COW_13,2025-07-22,180,38.63,55.4,413.2,28.21,22.0,63.8,20.5,Healthy,0
COW_14,2025-07-22,161,38.71,63.8,440.3,32.6,21.2,77.8,20.4,Healthy,0
COW_15,2025-07-22,229,38.83,49.0,518.5,26.77,23.3,71.5,21.9,Healthy,0
COW_16,2025-07-22,124,38.86,64.4,442.3,30.4,22.9,66.6,21.3,Healthy,0
COW_17,2025-07-22,100,38.41,53.5,496.6,27.49,23.8,69.4,22.2,Healthy,0
COW_18,2025-07-22,83,38.48,68.7,471.9,26.6,23.2,61.4,21.4,Healthy,0
COW_19,2025-07-22,107,38.7,55.4,482.8,34.4,22.2,58.9,20.5,Healthy,0
COW_20,2025-07-22,278,39.07,38.1,460.3,36.63,21.3,67.2,20.0,Healthy,0
COW_21,2025-07-22,138,38.55,62.0,482.4,21.79,23.9,82.1,23.0,Healthy,0
COW_22,2025-07-22,257,38.6,46.5,489.7,22.28,22.8,71.7,21.5,Healthy,0
COW_23,2025-07-22,71,38.53,51.1,505.9,31.46,23.7,61.2,21.7,Healthy,0
COW_24,2025-07-22,201,39.04,63.8,465.5,24.42,24.6,67.2,22.8,Healthy,0
COW_25,2025-07-22,258,38.63,54.8,462.6,21.05,23.5,56.8,21.4,Healthy,0
COW_26,2025-07-22,138,38.67,52.3,493.3,26.33,24.1,56.5,21.8,Healthy,0
COW_27,2025-07-22,76,38.55,50.3,562.3,34.49,23.5,65.9,21.8,Healthy,0
COW_28,2025-07-22,232,38.75,52.2,491.9,18.55,22.8,74.7,21.7,Healthy,0
COW_29,2025-07-22,142,38.76,58.5,481.3,27.91,24.6,68.4,22.9,Healthy,0
COW_30,2025-07-22,225,38.82,68.7,476.8,25.98,24.1,77.0,22.9,Healthy,0
COW_01,2025-07-23,78,38.54,55.1,433.2,32.42,23.8,71.0,22.3,Healthy,0
COW_02,2025-07-23,246,38.44,46.2,498.1,30.2,24.3,61.3,22.2,Healthy,0
COW_03,2025-07-23,103,38.93,46.6,506.8,29.62,22.7,65.9,21.2,Healthy,0
COW_04,2025-07-23,100,38.69,58.1,497.9,23.1,24.2,66.5,22.4,Healthy,0
COW_05,2025-07-23,161,38.5,35.3,483.2,19.57,21.6,50.2,19.7,Healthy,0
COW_06,2025-07-23,240,38.69,70.0,471.5,25.37,26.3,51.3,23.1,Healthy,0
COW_07,2025-07-23,265,38.68,68.2,525.2,36.18,22.9,67.0,21.4,Healthy,0
COW_08,2025-07-23,228,38.58,47.7,508.2,35.54,21.2,53.7,19.5,Healthy,0
COW_09,2025-07-23,232,38.47,58.5,516.9,35.26,22.7,43.0,20.1,Healthy,0
COW_10,2025-07-23,293,38.43,66.3,493.6,28.22,23.9,59.8,21.8,Healthy,0
COW_11,2025-07-23,191,38.87,43.2,468.4,30.04,23.6,63.0,21.7,Healthy,0
COW_12,2025-07-23,92,38.53,64.5,456.4,21.29,21.5,60.2,20.0,Healthy,0
COW_13,2025-07-23,181,38.49,68.2,395.5,27.14,22.1,58.8,20.3,Healthy,0
COW_14,2025-07-23,162,38.71,51.5,455.0,32.91,23.4,62.0,21.5,Healthy,0
COW_15,2025-07-23,230,38.99,56.2,534.5,27.79,21.3,68.8,20.2,Healthy,0
COW_16,2025-07-23,125,38.53,65.5,420.7,33.45,20.9,64.7,19.7,Healthy,0
COW_17,2025-07-23,101,38.47,55.3,525.8,26.45,22.3,63.5,20.7,Healthy,0
COW_18,2025-07-23,84,38.65,72.5,489.5,27.69,21.5,55.1,19.8,Healthy,0
COW_19,2025-07-23,108,38.61,48.5,509.7,36.59,22.4,76.5,21.3,Healthy,0
COW_20,2025-07-23,279,38.87,41.1,463.9,36.16,22.3,60.2,20.6,Healthy,0
COW_21,2025-07-23,139,38.63,62.8,500.0,21.92,22.1,54.7,20.2,Healthy,0
COW_22,2025-07-23,258,38.42,43.2,464.4,21.88,24.5,61.2,22.4,Healthy,0
COW_23,2025-07-23,72,38.69,52.5,507.9,33.45,23.2,65.9,21.6,Healthy,0
COW_24,2025-07-23,202,38.94,64.2,441.5,25.45,21.4,72.7,20.4,Healthy,0
COW_25,2025-07-23,259,38.51,52.4,473.3,20.22,19.3,69.2,18.5,Healthy,0
COW_26,2025-07-23,139,38.63,45.0,478.7,26.29,22.1,72.5,20.9,Healthy,0
COW_27,2025-07-23,77,38.33,66.2,567.2,31.91,20.9,66.8,19.7,Healthy,0
COW_28,2025-07-23,233,38.72,50.9,480.9,19.47,21.9,64.6,20.5,Healthy,0
COW_29,2025-07-23,143,38.78,57.7,442.3,28.46,21.6,69.0,20.4,Healthy,0
COW_30,2025-07-23,226,39.06,64.2,505.2,29.59,19.0,65.2,18.1,Healthy,0
COW_01,2025-07-24,79,38.63,64.7,397.9,32.6,19.8,60.9,18.7,Healthy,0
COW_02,2025-07-24,247,38.45,50.0,501.6,30.44,18.2,58.4,17.4,Healthy,0
COW_03,2025-07-24,104,38.73,52.7,506.6,28.71,23.3,59.8,21.3,Healthy,0
COW_04,2025-07-24,101,38.6,63.3,514.8,23.5,22.7,62.8,21.0,Healthy,0
COW_05,2025-07-24,162,38.36,41.9,481.1,18.32,20.9,64.7,19.7,Healthy,0
COW_06,2025-07-24,241,38.49,63.7,449.6,21.88,21.1,55.3,19.5,Healthy,0
COW_07,2025-07-24,266,38.73,62.0,549.0,33.16,19.2,69.9,18.4,Healthy,0
COW_08,2025-07-24,229,38.58,44.6,515.0,34.39,23.3,65.2,21.6,Healthy,0
COW_09,2025-07-24,233,38.58,55.3,480.4,37.62,21.1,63.6,19.8,Healthy,0
COW_10,2025-07-24,294,38.51,59.3,464.8,26.73,23.6,66.9,21.9,Healthy,0
COW_11,2025-07-24,192,38.83,40.4,463.2,32.4,22.0,82.9,21.3,Healthy,0
COW_12,2025-07-24,93,38.36,59.6,457.8,20.51,21.4,70.9,20.3,Healthy,0
COW_13,2025-07-24,182,38.61,61.0,428.4,27.32,21.4,64.2,20.1,Healthy,0
COW_14,2025-07-24,163,38.58,55.3,451.7,33.78,21.6,71.4,20.5,Healthy,0
COW_15,2025-07-24,231,38.81,55.7,504.7,26.91,22.5,72.1,21.3,Healthy,0
COW_16,2025-07-24,126,38.47,63.5,446.2,32.04,22.3,76.5,21.3,Healthy,0
COW_17,2025-07-24,102,38.54,46.4,524.6,26.54,23.1,60.0,21.2,Healthy,0
COW_18,2025-07-24,85,38.46,75.8,494.3,27.48,20.9,64.4,19.6,Healthy,0
COW_19,2025-07-24,109,38.55,51.9,489.3,36.13,21.4,58.4,19.9,Healthy,0
COW_20,2025-07-24,280,38.84,41.7,462.5,35.39,22.1,50.5,20.0,Healthy,0
COW_21,2025-07-24,140,38.59,53.5,478.4,21.7,21.2,69.3,20.0,Healthy,0
COW_22,2025-07-24,259,38.6,47.6,454.1,20.68,22.1,41.8,19.7,Healthy,0
COW_23,2025-07-24,73,38.4,59.5,497.1,34.36,22.6,58.8,20.8,Healthy,0
COW_24,2025-07-24,203,38.88,56.0,423.9,22.86,22.5,55.8,20.6,Healthy,0
COW_25,2025-07-24,260,38.63,45.3,480.4,23.36,22.5,61.7,20.8,Healthy,0
COW_26,2025-07-24,140,38.81,47.9,496.5,25.21,22.1,56.5,20.2,Healthy,0
COW_27,2025-07-24,78,38.6,57.4,573.4,31.03,20.0,48.5,18.5,Healthy,0
COW_28,2025-07-24,234,38.78,35.4,488.3,19.65,19.5,70.4,18.7,Healthy,0
COW_29,2025-07-24,144,38.86,52.7,454.4,28.77,22.0,60.4,20.4,Healthy,0
COW_30,2025-07-24,227,38.95,58.3,484.5,28.06,20.1,79.7,19.5,Healthy,0
COW_01,2025-07-25,80,38.6,64.2,411.0,31.18,21.1,55.3,19.5,Healthy,0
COW_02,2025-07-25,248,38.41,36.8,490.9,27.64,20.8,73.9,19.9,Healthy,0
COW_03,2025-07-25,105,38.68,48.1,491.6,31.56,21.0,63.4,19.7,Healthy,0
COW_04,2025-07-25,102,38.6,54.8,476.5,22.87,21.0,61.5,19.6,Healthy,0
COW_05,2025-07-25,163,38.44,42.1,477.1,19.3,18.2,68.8,17.6,Healthy,0
COW_06,2025-07-25,242,38.59,67.1,469.6,24.26,22.0,62.0,20.4,Healthy,0
COW_07,2025-07-25,267,38.78,65.2,539.5,33.98,22.3,64.6,20.8,Healthy,0
COW_08,2025-07-25,230,38.36,50.0,513.9,37.16,21.1,47.1,19.2,Healthy,0
COW_09,2025-07-25,234,38.54,47.2,475.7,37.44,17.9,58.9,17.2,Healthy,0
COW_10,2025-07-25,295,38.39,52.4,509.1,26.99,20.1,62.8,19.0,Healthy,0
COW_11,2025-07-25,193,39.04,45.1,454.6,31.76,19.8,74.3,19.1,Healthy,0
COW_12,2025-07-25,94,38.42,51.8,434.1,23.44,22.4,47.4,20.1,Healthy,0
COW_13,2025-07-25,183,38.51,56.0,432.9,28.85,19.2,56.6,18.1,Healthy,0
COW_14,2025-07-25,164,38.77,55.1,466.5,33.84,20.0,70.2,19.1,Healthy,0
COW_15,2025-07-25,232,38.75,57.7,512.6,28.26,23.2,71.5,21.8,Healthy,0
COW_16,2025-07-25,127,38.68,71.2,472.1,32.92,21.0,73.1,20.1,Healthy,0
COW_17,2025-07-25,103,38.48,60.7,518.4,28.01,22.2,62.7,20.6,Healthy,0
COW_18,2025-07-25,86,38.58,60.7,447.9,29.94,18.2,61.4,17.4,Healthy,0
COW_19,2025-07-25,110,38.39,52.7,502.9,36.62,22.9,80.6,22.0,Healthy,0
COW_20,2025-07-25,281,39.33,40.9,390.3,32.58,24.7,66.4,22.9,Heat_Stress,0
COW_21,2025-07-25,141,38.6,47.3,473.2,20.55,21.5,69.0,20.3,Healthy,0
COW_22,2025-07-25,260,38.49,49.3,500.2,22.03,22.4,66.7,21.0,Healthy,0
COW_23,2025-07-25,74,38.48,57.8,493.9,34.58,20.8,73.2,19.9,Healthy,0
COW_24,2025-07-25,204,38.93,64.2,448.1,26.11,21.3,43.3,19.2,Healthy,0
COW_25,2025-07-25,261,38.44,54.7,478.5,21.88,20.8,56.3,19.3,Healthy,0
COW_26,2025-07-25,141,39.0,47.3,490.2,19.31,22.0,65.8,20.6,Healthy,0
COW_27,2025-07-25,79,38.44,67.3,591.9,34.07,20.1,63.2,19.0,Healthy,0
COW_28,2025-07-25,235,38.59,45.4,515.6,21.29,22.0,68.0,20.6,Healthy,0
COW_29,2025-07-25,145,38.78,64.4,482.3,24.25,23.5,72.7,22.2,Healthy,0
COW_30,2025-07-25,228,39.08,59.0,491.4,28.04,22.1,79.1,21.2,Healthy,0
COW_01,2025-07-26,81,38.38,62.6,438.8,33.62,17.2,67.4,16.7,Healthy,0
COW_02,2025-07-26,249,38.46,43.3,504.5,30.59,19.1,57.7,18.0,Healthy,0
COW_03,2025-07-26,106,38.57,52.4,460.9,28.02,20.9,75.6,20.1,Healthy,0
COW_04,2025-07-26,103,38.39,52.9,517.8,21.52,21.1,53.9,19.4,Healthy,0
COW_05,2025-07-26,164,38.4,43.8,497.7,16.23,17.6,67.2,17.1,Healthy,0
COW_06,2025-07-26,243,38.77,68.0,434.4,21.99,18.0,65.1,17.3,Healthy,0
COW_07,2025-07-26,268,38.67,61.3,563.7,31.86,21.3,51.6,19.5,Healthy,0
COW_08,2025-07-26,231,38.51,57.0,544.8,37.08,19.1,72.3,18.4,Healthy,0
COW_09,2025-07-26,235,38.54,65.5,504.2,35.16,22.5,59.1,20.7,Healthy,0
COW_10,2025-07-26,296,38.38,67.3,478.3,29.18,20.7,76.4,19.9,Healthy,0
COW_11,2025-07-26,194,38.93,47.9,469.7,33.64,20.8,64.1,19.6,Healthy,0
COW_12,2025-07-26,95,38.43,54.1,444.0,18.8,23.5,67.5,21.9,Healthy,0
COW_13,2025-07-26,184,38.35,61.3,432.8,28.48,18.4,79.3,18.0,Healthy,0
COW_14,2025-07-26,165,38.62,45.1,449.6,34.01,19.8,76.9,19.1,Healthy,0
COW_15,2025-07-26,233,38.92,63.9,510.1,26.75,19.5,63.0,18.5,Healthy,0
COW_16,2025-07-26,128,38.72,69.6,428.6,30.8,20.2,71.2,19.3,Healthy,0
COW_17,2025-07-26,104,38.54,51.3,517.0,26.66,22.8,62.5,21.1,Healthy,0
COW_18,2025-07-26,87,38.54,71.6,469.8,28.66,21.9,67.3,20.5,Healthy,0
COW_19,2025-07-26,111,38.67,62.4,509.0,38.98,23.4,72.6,22.0,Healthy,0
COW_20,2025-07-26,282,39.59,40.9,360.7,27.8,26.0,71.6,24.5,Heat_Stress,1
COW_21,2025-07-26,142,38.63,52.7,488.1,22.12,18.9,70.9,18.2,Healthy,0
COW_22,2025-07-26,261,38.64,42.3,486.9,20.52,22.5,77.2,21.5,Healthy,0
COW_23,2025-07-26,75,38.61,55.9,492.8,33.53,22.4,64.6,20.8,Healthy,0
COW_24,2025-07-26,205,38.87,65.7,473.7,27.98,18.5,62.2,17.7,Healthy,0
COW_25,2025-07-26,262,38.57,56.6,477.8,21.9,23.1,60.0,21.2,Healthy,0
COW_26,2025-07-26,142,38.85,46.8,488.4,23.0,21.3,70.1,20.2,Healthy,0
COW_27,2025-07-26,80,38.58,52.0,552.5,35.87,19.0,59.0,18.0,Healthy,0
COW_28,2025-07-26,236,38.65,57.2,499.9,18.65,18.5,69.5,17.8,Healthy,0
COW_29,2025-07-26,146,38.78,53.0,484.1,27.17,18.4,63.1,17.6,Healthy,0
COW_30,2025-07-26,229,38.74,61.3,495.3,30.3,23.1,81.3,22.2,Healthy,0
COW_01,2025-07-27,82,38.45,63.1,445.7,29.61,19.2,69.7,18.4,Healthy,0
COW_02,2025-07-27,250,38.54,47.3,515.0,28.99,21.1,56.7,19.6,Healthy,0
COW_03,2025-07-27,107,38.96,50.6,506.3,29.76,19.9,68.5,18.9,Healthy,0
COW_04,2025-07-27,104,38.83,58.4,505.4,26.0,22.4,62.5,20.7,Healthy,0
COW_05,2025-07-27,165,38.4,44.4,476.4,20.16,21.5,68.9,20.3,Healthy,0
COW_06,2025-07-27,244,38.55,64.5,492.5,24.32,21.2,57.6,19.6,Healthy,0
COW_07,2025-07-27,269,38.71,60.7,502.1,35.04,19.5,48.2,18.1,Healthy,0
COW_08,2025-07-27,232,38.41,48.4,502.1,33.36,19.1,72.2,18.4,Healthy,0
COW_09,2025-07-27,236,38.68,50.0,508.8,35.39,18.5,63.3,17.7,Healthy,0
COW_10,2025-07-27,297,38.55,64.4,494.9,28.06,20.6,63.1,19.4,Healthy,0
COW_11,2025-07-27,195,39.05,51.5,454.6,31.06,20.4,67.9,19.3,Healthy,0
COW_12,2025-07-27,96,38.62,51.3,462.0,20.21,19.7,69.9,18.8,Healthy,0
COW_13,2025-07-27,185,38.46,57.8,441.9,26.24,19.3,66.4,18.4,Healthy,0
COW_14,2025-07-27,166,38.65,59.1,458.4,34.26,18.7,65.1,17.9,Healthy,0
COW_15,2025-07-27,234,38.61,53.3,512.5,29.41,20.6,60.2,19.3,Healthy,0
COW_16,2025-07-27,129,38.61,72.1,470.1,33.86,21.9,56.7,20.1,Healthy,0
COW_17,2025-07-27,105,38.55,58.4,503.8,27.25,20.0,72.2,19.2,Healthy,0
COW_18,2025-07-27,88,38.46,69.7,477.7,31.78,21.3,74.7,20.3,Healthy,0
COW_19,2025-07-27,112,38.66,54.5,496.9,35.91,21.0,59.2,19.6,Healthy,0
COW_20,2025-07-27,283,38.79,48.1,464.2,39.79,19.5,80.8,19.0,Healthy,0
COW_21,2025-07-27,143,38.69,61.4,475.3,24.6,19.3,70.2,18.5,Healthy,0
COW_22,2025-07-27,262,38.72,41.8,470.8,23.38,20.9,67.6,19.8,Healthy,0
COW_23,2025-07-27,76,38.62,54.7,500.3,35.77,21.9,65.6,20.5,Healthy,0
COW_24,2025-07-27,206,38.74,71.1,464.3,25.98,20.3,76.0,19.6,Healthy,0
COW_25,2025-07-27,263,38.66,50.6,491.5,23.58,19.6,78.3,19.0,Healthy,0
COW_26,2025-07-27,143,38.81,53.6,495.8,22.79,20.4,54.1,18.9,Healthy,0
COW_27,2025-07-27,81,38.53,61.2,551.7,33.83,21.0,80.7,20.3,Healthy,0
COW_28,2025-07-27,237,38.66,40.0,494.3,19.37,20.9,68.5,19.8,Healthy,0
COW_29,2025-07-27,147,39.11,59.0,457.2,24.94,22.7,71.8,21.5,Healthy,0
COW_30,2025-07-27,230,38.87,62.4,488.5,28.56,20.5,70.4,19.5,Healthy,0
COW_01,2025-07-28,83,38.29,68.4,427.0,33.97,18.7,71.5,18.0,Healthy,0
COW_02,2025-07-28,251,38.49,47.4,487.1,26.67,20.6,62.2,19.3,Healthy,0
COW_03,2025-07-28,108,38.69,54.1,478.6,27.29,17.2,70.2,16.8,Healthy,0
COW_04,2025-07-28,105,38.63,57.5,508.7,22.36,19.0,76.7,18.4,Healthy,0
COW_05,2025-07-28,166,38.37,33.0,494.8,20.99,20.5,58.0,19.1,Healthy,0
COW_06,2025-07-28,245,38.46,67.0,465.0,20.71,19.3,65.1,18.4,Healthy,0
COW_07,2025-07-28,270,38.8,70.0,555.7,35.0,19.6,75.6,18.9,Healthy,0
COW_08,2025-07-28,233,38.56,48.7,500.9,33.86,18.4,72.0,17.8,Healthy,0
COW_09,2025-07-28,237,38.61,54.3,501.0,35.13,20.5,68.5,19.5,Healthy,0
COW_10,2025-07-28,298,38.72,55.6,484.2,27.15,20.2,61.6,19.0,Healthy,0
COW_11,2025-07-28,196,38.76,38.9,446.1,29.61,18.6,70.1,17.9,Healthy,0
COW_12,2025-07-28,97,38.41,62.7,453.9,22.7,18.0,57.6,17.1,Healthy,0
COW_13,2025-07-28,186,38.81,58.5,453.2,29.53,20.1,57.1,18.8,Healthy,0
COW_14,2025-07-28,167,38.61,45.4,446.4,33.65,20.2,68.7,19.2,Healthy,0
COW_15,2025-07-28,235,38.9,57.9,509.1,27.49,16.2,56.3,15.8,Healthy,0
COW_16,2025-07-28,130,38.66,63.4,425.6,31.63,21.6,68.7,20.3,Healthy,0
COW_17,2025-07-28,106,38.48,54.0,503.6,29.0,19.4,79.5,18.9,Healthy,0
COW_18,2025-07-28,89,38.46,66.9,468.4,28.99,18.1,75.1,17.6,Healthy,0
COW_19,2025-07-28,113,38.57,43.7,523.3,36.09,20.2,76.7,19.5,Healthy,0
COW_20,2025-07-28,284,38.88,49.0,488.7,34.51,18.8,56.7,17.8,Healthy,0
COW_21,2025-07-28,144,38.56,55.5,448.1,22.38,19.7,61.7,18.6,Healthy,0
COW_22,2025-07-28,263,38.52,46.0,468.8,22.42,21.6,78.0,20.8,Healthy,0
COW_23,2025-07-28,77,38.59,51.0,495.8,33.64,20.8,71.0,19.8,Healthy,0
COW_24,2025-07-28,207,39.02,69.3,456.0,24.93,20.7,71.5,19.7,Healthy,0
COW_25,2025-07-28,264,38.58,49.9,469.2,23.43,20.9,56.5,19.4,Healthy,0
COW_26,2025-07-28,144,38.86,41.1,481.6,20.52,19.3,77.9,18.7,Healthy,0
COW_27,2025-07-28,82,38.52,59.6,584.0,32.89,17.6,67.0,17.0,Healthy,0
COW_28,2025-07-28,238,38.6,50.3,480.4,19.12,18.8,74.0,18.2,Healthy,0
COW_29,2025-07-28,148,38.93,60.2,487.1,25.18,19.8,67.3,18.9,Healthy,0
COW_30,2025-07-28,231,38.91,54.6,480.3,28.83,18.3,67.5,17.6,Healthy,0
COW_01,2025-07-29,84,38.55,62.2,425.0,33.11,17.8,63.8,17.1,Healthy,0
COW_02,2025-07-29,252,38.39,47.9,522.3,25.59,16.8,57.6,16.3,Healthy,0
COW_03,2025-07-29,109,38.65,50.5,484.9,30.58,19.3,59.8,18.2,Healthy,0
COW_04,2025-07-29,106,38.68,70.7,502.4,25.19,19.6,72.7,18.8,Healthy,0
COW_05,2025-07-29,167,38.46,47.9,506.7,17.85,18.7,71.0,18.0,Healthy,0
COW_06,2025-07-29,246,38.54,62.8,454.3,23.23,19.2,69.8,18.4,Healthy,0
COW_07,2025-07-29,271,38.89,68.5,519.2,34.76,19.7,50.5,18.3,Healthy,0
COW_08,2025-07-29,234,38.6,52.6,509.8,30.22,16.4,76.4,16.1,Healthy,0
COW_09,2025-07-29,238,38.57,54.6,494.9,36.83,22.1,72.5,21.0,Healthy,0
COW_10,2025-07-29,299,38.56,59.3,460.4,27.14,17.4,51.1,16.6,Healthy,0
COW_11,2025-07-29,197,38.88,47.6,441.0,30.36,19.9,69.8,19.0,Healthy,0
COW_12,2025-07-29,98,38.46,56.0,452.1,20.09,17.5,54.9,16.8,Healthy,0
COW_13,2025-07-29,187,38.63,49.5,453.1,28.02,15.1,62.3,15.0,Healthy,0
COW_14,2025-07-29,168,38.55,54.6,451.8,29.83,18.3,73.6,17.8,Healthy,0
COW_15,2025-07-29,236,38.77,54.7,506.4,27.46,17.2,66.4,16.7,Healthy,0
COW_16,2025-07-29,131,38.81,67.3,487.1,32.33,19.1,54.8,17.9,Healthy,0
COW_17,2025-07-29,107,38.53,53.4,500.9,25.73,17.5,60.8,16.8,Healthy,0
COW_18,2025-07-29,90,38.61,68.0,481.6,29.54,20.1,54.2,18.7,Healthy,0
COW_19,2025-07-29,114,38.62,62.7,478.9,40.01,20.7,66.7,19.5,Healthy,0
COW_20,2025-07-29,285,38.77,45.7,460.3,36.13,19.9,50.1,18.4,Healthy,0
COW_21,2025-07-29,145,38.78,50.8,476.0,21.47,18.2,73.3,17.7,Healthy,0
COW_22,2025-07-29,264,38.65,36.9,488.1,24.68,17.7,64.5,17.1,Healthy,0
COW_23,2025-07-29,78,38.46,59.4,497.1,31.7,21.0,76.7,20.2,Healthy,0
COW_24,2025-07-29,208,38.88,61.8,466.1,27.95,17.9,62.9,17.2,Healthy,0
COW_25,2025-07-29,265,38.52,55.3,467.2,25.27,19.4,64.5,18.4,Healthy,0
COW_26,2025-07-29,145,38.82,52.0,532.3,24.16,17.9,60.0,17.1,Healthy,0
COW_27,2025-07-29,83,38.64,61.6,559.6,31.54,19.0,74.9,18.3,Healthy,0
COW_28,2025-07-29,239,38.64,54.0,514.6,18.66,14.7,73.4,14.6,Healthy,0
COW_29,2025-07-29,149,38.93,60.5,458.9,26.55,16.5,46.4,15.9,Healthy,0
COW_30,2025-07-29,232,38.93,63.9,474.3,28.64,21.4,63.7,20.0,Healthy,0
COW_01,2025-07-30,85,38.43,62.9,436.5,31.12,18.3,76.9,17.8,Healthy,0
COW_02,2025-07-30,253,38.63,49.8,516.8,27.3,16.8,68.6,16.4,Healthy,0
COW_03,2025-07-30,110,38.8,61.4,492.2,30.85,20.4,74.0,19.5,Healthy,0
COW_04,2025-07-30,107,38.62,54.9,507.9,24.0,18.6,54.7,17.6,Healthy,0
COW_05,2025-07-30,168,38.4,38.0,489.5,20.03,18.7,66.8,17.9,Healthy,0
COW_06,2025-07-30,247,38.67,65.4,455.5,24.15,19.4,61.5,18.4,Healthy,0
COW_07,2025-07-30,272,38.77,74.2,542.9,36.67,18.8,64.4,18.0,Healthy,0
COW_08,2025-07-30,235,38.44,43.5,545.8,36.23,18.6,62.7,17.7,Healthy,0
COW_09,2025-07-30,239,38.68,72.3,500.4,36.73,19.6,56.9,18.4,Healthy,0
COW_10,2025-07-30,300,38.54,62.6,492.0,27.98,15.6,54.1,15.3,Healthy,0
COW_11,2025-07-30,198,38.82,47.4,492.4,31.03,17.5,63.6,16.9,Healthy,0
COW_12,2025-07-30,99,38.57,52.4,440.8,23.1,18.4,75.2,17.9,Healthy,0
COW_13,2025-07-30,188,38.59,55.8,439.8,26.45,16.6,64.4,16.2,Healthy,0
COW_14,2025-07-30,169,38.44,52.8,478.3,33.0,18.5,54.6,17.5,Healthy,0
COW_15,2025-07-30,237,38.89,56.3,520.8,25.92,17.6,61.7,16.9,Healthy,0
COW_16,2025-07-30,132,38.72,63.9,440.7,33.98,20.3,74.1,19.4,Healthy,0
COW_17,2025-07-30,108,38.66,54.4,496.2,29.54,20.9,75.0,20.0,Healthy,0
COW_18,2025-07-30,91,38.51,69.2,481.3,28.26,14.8,56.3,14.7,Healthy,0
COW_19,2025-07-30,115,38.73,49.7,493.2,38.59,15.7,69.5,15.5,Healthy,0
COW_20,2025-07-30,286,39.02,40.6,471.2,36.98,20.6,64.2,19.4,Healthy,0
COW_21,2025-07-30,146,38.76,53.1,473.6,21.09,20.5,74.0,19.6,Healthy,0
COW_22,2025-07-30,265,38.73,46.9,522.3,20.37,17.0,74.8,16.7,Healthy,0
COW_23,2025-07-30,79,38.6,58.0,509.9,35.27,19.6,54.4,18.3,Healthy,0
COW_24,2025-07-30,209,38.94,66.0,441.3,28.28,19.2,69.3,18.4,Healthy,0
COW_25,2025-07-30,266,38.65,52.5,489.9,19.23,17.8,73.4,17.4,Healthy,0
COW_26,2025-07-30,146,38.84,45.6,488.7,25.03,20.1,51.8,18.6,Healthy,0
COW_27,2025-07-30,84,38.41,58.6,555.2,32.67,18.9,68.5,18.1,Healthy,0
COW_28,2025-07-30,240,38.63,42.9,479.0,19.15,20.5,66.3,19.4,Healthy,0
COW_29,2025-07-30,150,38.88,57.1,464.4,27.7,20.6,69.3,19.6,Healthy,0
COW_30,2025-07-30,233,38.89,58.1,504.2,31.27,20.2,65.2,19.1,Healthy,0
